Selector,Traffic,Region
webcatalog.io/en/apps/webcam-toy,98.0,us
webcatalog.io/en/apps/adultfriendfinder,35.0,us
webcatalog.io/en/apps/wheel-of-names,304.0,us
webcatalog.io/en/apps/adam4adam,82.0,us
webcatalog.io/en/apps/sniffies,930.0,us
webcatalog.io/en/apps/squirt-org,738.0,us
webcatalog.io/en/apps/kleki,715.0,us
webcatalog.io/en/apps/scoopz,651.0,us
webcatalog.io/en/apps/monkeytype,633.0,us
webcatalog.io/en/apps/ometv,633.0,us
webcatalog.io/en/apps/scoresandodds,621.0,us
webcatalog.io/en/apps/vclock,600.0,us
webcatalog.io/en/apps/prizepicks,596.0,us
webcatalog.io/en/apps/yacine-tv,594.0,us
webcatalog.io/en/apps/ucharts,584.0,us
webcatalog.io/en/apps/wiktionary,578.0,us
webcatalog.io/en/apps/zalo,567.0,us
webcatalog.io/en/apps/flightaware,560.0,us
webcatalog.io/en/apps/stremium,521.0,us
webcatalog.io/en/apps/deeplol-gg,521.0,us
webcatalog.io/en/apps/text-free,517.0,us
webcatalog.io/en/apps/sbobet,503.0,us
webcatalog.io/apps/gofile,493.0,us
webcatalog.io/en/apps/u-gg,486.0,us
webcatalog.io/en/apps/textnow/mobile,483.0,us
webcatalog.io/en/apps/freefy,471.0,us
webcatalog.io/en/apps/tunebat,441.0,us
webcatalog.io/apps/cobalt-tools,416.0,us
webcatalog.io/en/apps/baidu-wangpan,411.0,us
webcatalog.io/en/apps/lolalytics,385.0,us
webcatalog.io/en/apps/google-play,373.0,us
webcatalog.io/en/apps/word-hippo,369.0,us
webcatalog.io/en/apps/athenanet,352.0,us
webcatalog.io/en/apps/time-buddy,349.0,us
webcatalog.io/en/apps/solvely,343.0,us
webcatalog.io/en/apps/cobalt-tools,338.0,us
webcatalog.io/en/apps/shein,327.0,us
webcatalog.io/apps/textme,325.0,us
webcatalog.io/en/apps/mathway,324.0,us
webcatalog.io/en/apps/photocall-tv,323.0,us
webcatalog.io/en/apps/kbh-games,321.0,us
webcatalog.io/apps/photocall-tv,319.0,us
webcatalog.io/en/apps/arcos-rosterapps,318.0,us
webcatalog.io/en/apps/mocospace,312.0,us
webcatalog.io/en/apps/fusion-web-clinic,312.0,us
webcatalog.io/en/apps/textnow,308.0,us
webcatalog.io/en/apps/mybib,303.0,us
webcatalog.io/en/apps/chatblink,302.0,us
webcatalog.io/en/apps/convertio,293.0,us
webcatalog.io/en/apps/weatherwise,285.0,us
webcatalog.io/en/apps/meroshare,282.0,us
webcatalog.io/en/apps/trading-terminal,281.0,us
webcatalog.io/en/apps/lunapic,274.0,us
webcatalog.io/en/apps/soccerway,268.0,us
webcatalog.io/en/apps/hitv,258.0,us
webcatalog.io/en/apps/flashscore,255.0,us
webcatalog.io/en/apps/bale,250.0,us
webcatalog.io/en/apps/dex-screener,248.0,us
webcatalog.io/en/apps/recovery-database-network,246.0,us
webcatalog.io/en/apps/plenty-of-fish,237.0,us
webcatalog.io/en/apps/monkey,235.0,us
webcatalog.io/en/apps/amino,234.0,us
webcatalog.io/en/apps/techbargains,233.0,us
webcatalog.io/zh-CN/apps/baidu-tieba,232.0,us
webcatalog.io/apps/taste-of-home,228.0,us
webcatalog.io/en/apps/hotstar,227.0,us
webcatalog.io/en/apps/moemate,223.0,us
webcatalog.io/en/apps/filehippo,223.0,us
webcatalog.io/en/apps/instagram,217.0,us
webcatalog.io/en/apps/youtube,213.0,us
webcatalog.io/en/apps/janitor-ai,210.0,us
webcatalog.io/en/apps/sharedrop,209.0,us
webcatalog.io/en/apps/tv-garden,204.0,us
webcatalog.io/en/apps/deltamath,204.0,us
webcatalog.io/apps/xda-developers,202.0,us
webcatalog.io/en/apps/pointclickcare,202.0,us
webcatalog.io/en/apps/mp3juice,202.0,us
webcatalog.io/en/apps/betplay,195.0,us
webcatalog.io/apps/vclock,194.0,us
webcatalog.io/apps/poly-ai,191.0,us
webcatalog.io/en/apps/onlinegdb,184.0,us
webcatalog.io/en/apps/catbox,181.0,us
webcatalog.io/en/apps/crushonai,180.0,us
webcatalog.io/en/apps/zangi,175.0,us
webcatalog.io/en/apps/azar,173.0,us
webcatalog.io/en/apps/facebook-marketplace,171.0,us
webcatalog.io/en/apps/seventh-avenue,171.0,us
webcatalog.io/en/apps/fieldease/mobile,170.0,us
webcatalog.io/en/apps/unlim,168.0,us
webcatalog.io/en/apps/fig,167.0,us
webcatalog.io/en/apps/live-coin-watch,165.0,us
webcatalog.io/en/apps/mail-tm,165.0,us
webcatalog.io/en/apps/eitaa,163.0,us
webcatalog.io/en/apps/similarsites,160.0,us
webcatalog.io/en/apps/gofile,159.0,us
webcatalog.io/en/apps/ppspy,156.0,us
webcatalog.io/en/apps/blue-letter-bible,153.0,us
webcatalog.io/en/apps/qq-docs,151.0,us
webcatalog.io/en/apps/goofish,151.0,us
webcatalog.io/en/apps/twitter-viewer-io,149.0,us
webcatalog.io/en/apps/mytim,149.0,us
webcatalog.io/en/apps/character-ai,148.0,us
webcatalog.io/en/apps/keybr,144.0,us
webcatalog.io/en/apps/skyvector,142.0,us
webcatalog.io/en/apps/gostream,141.0,us
webcatalog.io/apps/microsoft-planner,141.0,us
webcatalog.io/en/apps/tiktok,139.0,us
webcatalog.io/en/apps/everything-moe,139.0,us
webcatalog.io/en/apps/symbolab,137.0,us
webcatalog.io/en/apps/grok,136.0,us
webcatalog.io/en/apps/howlongtobeat,135.0,us
webcatalog.io/en/apps/namsogen,135.0,us
webcatalog.io/en/apps/brickeconomy,134.0,us
webcatalog.io/en/apps/bingsport,134.0,us
webcatalog.io/en/apps/lenta-ru,133.0,us
webcatalog.io/en/apps/lootlemon,133.0,us
webcatalog.io/en/apps/gauthmath,133.0,us
webcatalog.io/apps/classeviva,132.0,us
webcatalog.io/en/apps/iloveimg,127.0,us
webcatalog.io/en/apps/paper-id,127.0,us
webcatalog.io/en/apps/wepik,126.0,us
webcatalog.io/en/apps/vheer,126.0,us
webcatalog.io/en/apps/manga-plus,125.0,us
webcatalog.io/apps/zangi,124.0,us
webcatalog.io/en/apps/webnovel,124.0,us
webcatalog.io/en/apps/internationalcupid,123.0,us
webcatalog.io/en/apps/hacker-typer,121.0,us
webcatalog.io/en/apps/numlookup,119.0,us
webcatalog.io/en/apps/dirpy,118.0,us
webcatalog.io/en/apps/tiermaker,118.0,us
webcatalog.io/en/apps/playdede,117.0,us
webcatalog.io/en/apps/sofurry,117.0,us
webcatalog.io/en/apps/duckduckgo-ai-chat,116.0,us
webcatalog.io/en/apps/botify-ai,114.0,us
webcatalog.io/apps/wco-tv,114.0,us
webcatalog.io/en/apps/adultfriendfinder/alternatives,113.0,us
webcatalog.io/en/apps/meetme,113.0,us
webcatalog.io/apps/instagram,112.0,us
webcatalog.io/en/apps/loklok,112.0,us
webcatalog.io/en/apps/download-com,111.0,us
webcatalog.io/en/apps/qqmail,111.0,us
webcatalog.io/en/apps/oned,109.0,us
webcatalog.io/en/apps/smmry,109.0,us
webcatalog.io/en/apps/procentive,109.0,us
webcatalog.io/en/apps/blocket,109.0,us
webcatalog.io/en/apps/androidwaves,108.0,us
webcatalog.io/en/apps/163-mail,107.0,us
webcatalog.io/en/apps/canvas,106.0,us
webcatalog.io/en/apps/ninite-pro,105.0,us
webcatalog.io/ru/apps/monkeytype,105.0,us
webcatalog.io/en/apps/crunchyroll,104.0,us
webcatalog.io/en/apps/simply-plural,104.0,us
webcatalog.io/en/apps/microsoft-word,103.0,us
webcatalog.io/en/apps/rapidtables,103.0,us
webcatalog.io/apps/corrlinks,102.0,us
webcatalog.io/en/apps/photomosh,101.0,us
webcatalog.io/en/apps/textme,101.0,us
webcatalog.io/en/apps/valant,101.0,us
webcatalog.io/en/apps/my-spicy-vanilla,100.0,us
webcatalog.io/en/apps/streamsquid,100.0,us
webcatalog.io/en/apps/lipsync,99.0,us
webcatalog.io/en/apps/musicca,99.0,us
webcatalog.io/en/apps/deepseek,98.0,us
webcatalog.io/en/apps/physics-wallah,97.0,us
webcatalog.io/en/apps/practice-fusion,97.0,us
webcatalog.io/en/apps/hiringcafe,96.0,us
webcatalog.io/en/apps/myphonerobot,96.0,us
webcatalog.io/en/apps/hostinger-webmail,95.0,us
webcatalog.io/en/apps/bitview,95.0,us
webcatalog.io/en/apps/freaky-fancy-font,94.0,us
webcatalog.io/en/apps/turbolearn-ai,94.0,us
webcatalog.io/en/apps/pastelink-net,93.0,us
webcatalog.io/en/apps/processon,92.0,us
webcatalog.io/en/apps/whoer,92.0,us
webcatalog.io/zh-CN/apps/google-bard,92.0,us
webcatalog.io/apps/adultfriendfinder,91.0,us
webcatalog.io/en/apps/bigcharts,91.0,us
webcatalog.io/en/apps/nitter,91.0,us
webcatalog.io/en/apps/pixiv,90.0,us
webcatalog.io/en/apps/itimekeep,90.0,us
webcatalog.io/en/apps/calendarpedia,90.0,us
webcatalog.io/en/apps/webmii,89.0,us
webcatalog.io/vi/apps/zalo,89.0,us
webcatalog.io/en/apps/searchcord,89.0,us
webcatalog.io/en/apps/mywgu,88.0,us
webcatalog.io/en/apps/snapchat,88.0,us
webcatalog.io/en/apps/tinder,88.0,us
webcatalog.io/en/apps/newsela,87.0,us
webcatalog.io/en/apps/vk,87.0,us
webcatalog.io/apps/deeplol-gg,87.0,us
webcatalog.io/en/apps/boomplay,87.0,us
webcatalog.io/en/apps/paperanimator,87.0,us
webcatalog.io/en/apps/makercase,86.0,us
webcatalog.io/en/apps/gimy,86.0,us
webcatalog.io/en/apps/netmovies,85.0,us
webcatalog.io/en/apps/chime,85.0,us
webcatalog.io/en/apps/perplexity-ai,4.0,es
webcatalog.io/es/apps/janitor-ai,90.0,es
webcatalog.io/es/apps/ionos-webmail,15.0,es
webcatalog.io/es/apps/u-gg,79.0,es
webcatalog.io/es/apps/playdede,19.0,es
webcatalog.io/es/apps/yacine-tv,346.0,es
webcatalog.io/es/apps/softcatala-corrector,2.0,es
webcatalog.io/es/apps/tarjama-amt,19.0,es
webcatalog.io/es/apps/ilovepdf,10.0,es
webcatalog.io/en/apps/snapdrop,43.0,es
webcatalog.io/es/apps/movidy,37.0,es
webcatalog.io/es/apps/kiwiirc,24.0,es
webcatalog.io/es/apps/webcam-toy,9.0,es
webcatalog.io/es/apps/spicychat-ai,13.0,es
webcatalog.io/es/apps/machobb,13.0,es
webcatalog.io/es/apps/knowunity,32.0,es
webcatalog.io/es/apps/dinahosting-webmail,9.0,es
webcatalog.io/es/apps/sugargoo,43.0,es
webcatalog.io/es/apps/burlington-english,53.0,es
webcatalog.io/es/apps/annas-archive,46.0,es
webcatalog.io/en/apps/steamdb,41.0,es
webcatalog.io/es/apps/softcatala-traductor,24.0,es
webcatalog.io/es/apps/flashscore,16.0,es
webcatalog.io/es/apps/rlaxx,60.0,es
webcatalog.io/es/apps/slidesgo,4.0,es
webcatalog.io/es/apps/gmx/mobile,8.0,es
webcatalog.io/es/apps/getemoji,2.0,es
webcatalog.io/es/apps/deeplol-gg,113.0,es
webcatalog.io/es/apps/aternos,16.0,es
webcatalog.io/es/apps/kbh-games,8.0,es
webcatalog.io/es/apps/sharedrop,38.0,es
webcatalog.io/es/apps/bing-maps,11.0,es
webcatalog.io/es/apps/wattpad,11.0,es
webcatalog.io/es/apps/sky-go,2.0,es
webcatalog.io/es/apps/linguee,9.0,es
webcatalog.io/es/apps/sapo-mail,26.0,es
webcatalog.io/en/apps/mp3juice,1.0,es
webcatalog.io/es/apps/nick,27.0,es
webcatalog.io/en/apps/ezgif,4.0,es
webcatalog.io/es/apps/vaia,4.0,es
webcatalog.io/es/apps/suno-ai,34.0,es
webcatalog.io/es/apps/neal-fun,11.0,es
webcatalog.io/es/apps/hostinger-webmail,36.0,es
webcatalog.io/es/apps/vistaprint,4.0,es
webcatalog.io/es/apps/rome2rio,3.0,es
webcatalog.io/es/apps/dirpy,11.0,es
webcatalog.io/es/apps/steamdb,1.0,es
webcatalog.io/es/apps/poly-ai,1.0,es
webcatalog.io/es/apps/paperanimator,22.0,es
webcatalog.io/es/apps/tiermaker,3.0,es
webcatalog.io/es/apps/brawl-stats,29.0,es
webcatalog.io/es/apps/okru,7.0,es
webcatalog.io/es/apps/libero-mail,2.0,es
webcatalog.io/es/apps/the-verge,9.0,es
webcatalog.io/es/apps/subscene,1.0,es
webcatalog.io/es/apps/mail-ru/mobile,24.0,es
webcatalog.io/es/apps/ovhcloud-mail,17.0,es
webcatalog.io/es/apps/flightaware,6.0,es
webcatalog.io/es/apps/nitter,6.0,es
webcatalog.io/es/apps/gofile,2.0,es
webcatalog.io/es/apps/crushonai,10.0,es
webcatalog.io/es/apps/chub-ai/mobile,57.0,es
webcatalog.io/es/apps/skype,2.0,es
webcatalog.io/en/apps/webcam-toy,6.0,es
webcatalog.io/es/apps/tunebat,4.0,es
webcatalog.io/es/apps/yodayo/mobile,12.0,es
webcatalog.io/es/apps/twitter-viewer-io,20.0,es
webcatalog.io/es/apps/aol-mail,41.0,es
webcatalog.io/es/apps/photocall-tv,22.0,es
webcatalog.io/es/apps/bibguru,25.0,es
webcatalog.io/es/apps/noun-project,9.0,es
webcatalog.io/es/apps/mail-ru,7.0,es
webcatalog.io/es/apps/yaytext,15.0,es
webcatalog.io/es/apps/anki-pro,101.0,es
webcatalog.io/es/apps/blinklearning,11.0,es
webcatalog.io/es/apps/manhunt,3.0,es
webcatalog.io/es/apps/blocket,1.0,es
webcatalog.io/en/apps/cracked,3.0,es
webcatalog.io/es/apps/vudu/mobile,4.0,es
webcatalog.io/en/apps/noun-project,39.0,es
webcatalog.io/es/apps/x-minus,2.0,es
webcatalog.io/es/apps/spliit,40.0,es
webcatalog.io/es/apps/icloud-find-my-iphone/mobile,96.0,es
webcatalog.io/es/apps/whatthefont,3.0,es
webcatalog.io/es/apps/toomics,9.0,es
webcatalog.io/es/apps/archidekt,7.0,es
webcatalog.io/es/apps/gomeet-today,37.0,es
webcatalog.io/es/apps/planet-minecraft,2.0,es
webcatalog.io/es/apps/starbyface/mobile,13.0,es
webcatalog.io/es/apps/samsung-galaxy-store,39.0,es
webcatalog.io/es/apps/virustotal,8.0,es
webcatalog.io/es/apps/linkbox,4.0,es
webcatalog.io/es/apps/uhmegle,30.0,es
webcatalog.io/es/apps/adobe-podcast,4.0,es
webcatalog.io/apps/leroy-merlin-es,3.0,es
webcatalog.io/es/apps/piclumen,9.0,es
webcatalog.io/es/apps/hitv,24.0,es
webcatalog.io/es/apps/scribbr,11.0,es
webcatalog.io/en/apps/onlinegdb,54.0,es
webcatalog.io/es/apps/g2g,74.0,es
webcatalog.io/es/apps/shein,74.0,es
webcatalog.io/es/apps/icloud-mail,73.0,es
webcatalog.io/es/apps/ziggo-go/mobile,73.0,es
webcatalog.io/es/apps/itch-io,72.0,es
webcatalog.io/es/apps/chatrandom,72.0,es
webcatalog.io/es/apps/momondo,72.0,es
webcatalog.io/es/apps/webuntis/mobile,71.0,es
webcatalog.io/apps/photocall-tv,71.0,es
webcatalog.io/es/apps/kozikaza,71.0,es
webcatalog.io/es/apps/webnovel,70.0,es
webcatalog.io/es/apps/tim-mail,70.0,es
webcatalog.io/es/apps/nightbot,69.0,es
webcatalog.io/es/apps/apkmirror,69.0,es
webcatalog.io/es/apps/hostai,69.0,es
webcatalog.io/es/apps/vlr-gg,68.0,es
webcatalog.io/es/apps/webmii,68.0,es
webcatalog.io/en/apps/sms-activate,67.0,es
webcatalog.io/es/apps/charstar/mobile,67.0,es
webcatalog.io/es/apps/1v1-chat,67.0,es
webcatalog.io/en/apps/sharedrop,67.0,es
webcatalog.io/es/apps/symbolab/mobile,66.0,es
webcatalog.io/es/apps/alternativeto,65.0,es
webcatalog.io/es/apps/yt1s,65.0,es
webcatalog.io/es/apps/raphael-ai,65.0,es
webcatalog.io/es/apps/soccerstand,64.0,es
webcatalog.io/es/apps/zedge/mobile,63.0,es
webcatalog.io/es/apps/myclassroom,63.0,es
webcatalog.io/es/apps/imyfone,61.0,es
webcatalog.io/es/apps/grindr,61.0,es
webcatalog.io/es/apps/what-font-is,60.0,es
webcatalog.io/apps/libero-mail,60.0,es
webcatalog.io/es/apps/infinityfree,57.0,es
webcatalog.io/es/apps/bt-email,57.0,es
webcatalog.io/es/apps/streamgo,57.0,es
webcatalog.io/en/apps/duckduckgo-ai-chat/mobile,57.0,es
webcatalog.io/en/apps/ankiweb,56.0,es
webcatalog.io/apps/instascraper,56.0,es
webcatalog.io/es/apps/gleeden/mobile,55.0,es
webcatalog.io/es/apps/manhunt/mobile,55.0,es
webcatalog.io/en/apps/streamable,54.0,es
webcatalog.io/es/apps/pcpartpicker,54.0,es
webcatalog.io/es/apps/mcpedl-com,54.0,es
webcatalog.io/es/apps/flirt,53.0,es
webcatalog.io/es/apps/pixai,53.0,es
webcatalog.io/es/apps/liven/mobile,52.0,es
webcatalog.io/es/apps/aruba-it-webmail,52.0,es
webcatalog.io/en/apps/hostinger-webmail,52.0,es
webcatalog.io/es/apps/vesselfinder/mobile,52.0,es
webcatalog.io/es/apps/codepen,51.0,es
webcatalog.io/es/apps/e-conomic,51.0,es
webcatalog.io/es/apps/candy-ai,51.0,es
webcatalog.io/es/apps/lyricstraining,51.0,es
webcatalog.io/es/apps/protonmail,51.0,es
webcatalog.io/es/apps/bt-email/mobile,51.0,es
webcatalog.io/es/apps/filepizza,50.0,es
webcatalog.io/apps/annas-archive,50.0,es
webcatalog.io/es/apps/z-ai,50.0,es
webcatalog.io/fr/apps/france-tv,99.0,fr
webcatalog.io/fr/apps/annas-archive,45.0,fr
webcatalog.io/fr/apps/myinstants,25.0,fr
webcatalog.io/fr/apps/u-gg,30.0,fr
webcatalog.io/fr/apps/photocall-tv,8.0,fr
webcatalog.io/fr/apps/toomics/mobile,89.0,fr
webcatalog.io/fr/apps/op-gg,31.0,fr
webcatalog.io/fr/apps/ovhcloud-mail,2.0,fr
webcatalog.io/fr/apps/vinted-fr,107.0,fr
webcatalog.io/fr/apps/deeplol-gg,2.0,fr
webcatalog.io/fr/apps/microsoft-word,6.0,fr
webcatalog.io/fr/apps/playhop,57.0,fr
webcatalog.io/fr/apps/yacine-tv/mobile,21.0,fr
webcatalog.io/fr/apps/gmx,1.0,fr
webcatalog.io/fr/apps/zero-gpt,31.0,fr
webcatalog.io/fr/apps/vudu/mobile,18.0,fr
webcatalog.io/fr/apps/scribd,18.0,fr
webcatalog.io/fr/apps/monkeytype,64.0,fr
webcatalog.io/fr/apps/forex-factory,3.0,fr
webcatalog.io/fr/apps/janitor-ai,10.0,fr
webcatalog.io/fr/apps/mp3juice,5.0,fr
webcatalog.io/fr/apps/webcam-toy,15.0,fr
webcatalog.io/apps/soccerway,23.0,fr
webcatalog.io/fr/apps/dex-screener,61.0,fr
webcatalog.io/fr/apps/candy-ai,18.0,fr
webcatalog.io/fr/apps/sci-hub,16.0,fr
webcatalog.io/en/apps/tunebat,98.0,fr
webcatalog.io/fr/apps/vesselfinder,56.0,fr
webcatalog.io/fr/apps/icloud-mail,7.0,fr
webcatalog.io/fr/apps/yacine-tv,74.0,fr
webcatalog.io/fr/apps/bale,36.0,fr
webcatalog.io/fr/apps/google-passwords,35.0,fr
webcatalog.io/fr/apps/clubic,7.0,fr
webcatalog.io/fr/apps/planet-minecraft,5.0,fr
webcatalog.io/fr/apps/tim-mail,18.0,fr
webcatalog.io/fr/apps/justwatch,121.0,fr
webcatalog.io/fr/apps/adobe-fonts,104.0,fr
webcatalog.io/fr/apps/scribens-fr,35.0,fr
webcatalog.io/fr/apps/aol-mail,14.0,fr
webcatalog.io/fr/apps/pastebin,56.0,fr
webcatalog.io/fr/apps/hostinger-webmail,6.0,fr
webcatalog.io/fr/apps/streamable,14.0,fr
webcatalog.io/fr/apps/spicychat-ai/mobile,30.0,fr
webcatalog.io/fr/apps/yandex-video,57.0,fr
webcatalog.io/fr/apps/convertio,52.0,fr
webcatalog.io/fr/apps/ecole-directe-plus,1.0,fr
webcatalog.io/fr/apps/roundcube,26.0,fr
webcatalog.io/fr/apps/yt1s,15.0,fr
webcatalog.io/fr/apps/gmx-fr,5.0,fr
webcatalog.io/fr/apps/remakeit,3.0,fr
webcatalog.io/fr/apps/poly-ai,12.0,fr
webcatalog.io/en/apps/perchance-ai,26.0,fr
webcatalog.io/apps/u-gg,13.0,fr
webcatalog.io/fr/apps/yandex-images,7.0,fr
webcatalog.io/fr/apps/sapo-mail,2.0,fr
webcatalog.io/fr/apps/tunebat,30.0,fr
webcatalog.io/fr/apps/justetf,7.0,fr
webcatalog.io/fr/apps/slidesgo,12.0,fr
webcatalog.io/fr/apps/emojiterra,1.0,fr
webcatalog.io/fr/apps/gofile,20.0,fr
webcatalog.io/fr/apps/perchance-ai,2.0,fr
webcatalog.io/fr/apps/sejda,8.0,fr
webcatalog.io/fr/apps/gomeet-today,2.0,fr
webcatalog.io/fr/apps/webmii,38.0,fr
webcatalog.io/fr/apps/hitv,10.0,fr
webcatalog.io/en/apps/monkeytype,260.0,fr
webcatalog.io/fr/apps/crypto-bubbles,44.0,fr
webcatalog.io/fr/apps/pure/alternatives,2.0,fr
webcatalog.io/fr/apps/flightaware,27.0,fr
webcatalog.io/fr/apps/flightaware/mobile,150.0,fr
webcatalog.io/fr/apps/cleanup-pictures,45.0,fr
webcatalog.io/fr/apps/aternos,18.0,fr
webcatalog.io/fr/apps/ionos-webmail,21.0,fr
webcatalog.io/fr/apps/x-minus,24.0,fr
webcatalog.io/fr/apps/discohook,9.0,fr
webcatalog.io/fr/apps/alternativeto,63.0,fr
webcatalog.io/fr/apps/raphael-ai,1.0,fr
webcatalog.io/fr/apps/grindr,2.0,fr
webcatalog.io/fr/apps/worldometers,2.0,fr
webcatalog.io/fr/apps/tryocaml,8.0,fr
webcatalog.io/fr/apps/camgo,5.0,fr
webcatalog.io/fr/apps/bibmath-net,17.0,fr
webcatalog.io/fr/apps/neural-writer,19.0,fr
webcatalog.io/fr/apps/subscene,14.0,fr
webcatalog.io/fr/apps/pdf-drive,26.0,fr
webcatalog.io/fr/apps/spicychat-ai,5.0,fr
webcatalog.io/fr/apps/ankiweb,38.0,fr
webcatalog.io/fr/apps/gleeden/mobile,20.0,fr
webcatalog.io/fr/apps/pdf24,1.0,fr
webcatalog.io/fr/apps/yandex-mail,17.0,fr
webcatalog.io/fr/apps/dirpy,8.0,fr
webcatalog.io/fr/apps/cobalt-tools,5.0,fr
webcatalog.io/fr/apps/knowunity,4.0,fr
webcatalog.io/fr/apps/openpro,7.0,fr
webcatalog.io/en/apps/napkin-ai,9.0,fr
webcatalog.io/fr/apps/pairdrop,1.0,fr
webcatalog.io/fr/apps/snaptik/mobile,22.0,fr
webcatalog.io/apps/cracked,33.0,fr
webcatalog.io/fr/apps/mapy-cz,94.0,fr
webcatalog.io/fr/apps/backloggd,93.0,fr
webcatalog.io/en/apps/ezgif,93.0,fr
webcatalog.io/fr/apps/zedge/mobile,93.0,fr
webcatalog.io/fr/apps/stats-royale,93.0,fr
webcatalog.io/fr/apps/archidekt,92.0,fr
webcatalog.io/fr/apps/what-font-is,92.0,fr
webcatalog.io/fr/apps/riseup-mail,89.0,fr
webcatalog.io/fr/apps/cracked,88.0,fr
webcatalog.io/fr/apps/liven/mobile,87.0,fr
webcatalog.io/fr/apps/ezgif,87.0,fr
webcatalog.io/fr/apps/monkey,87.0,fr
webcatalog.io/fr/apps/gostream,86.0,fr
webcatalog.io/fr/apps/kiwiirc,86.0,fr
webcatalog.io/fr/apps/bigo-live/mobile,85.0,fr
webcatalog.io/fr/apps/distrowatch,85.0,fr
webcatalog.io/fr/apps/looti,83.0,fr
webcatalog.io/fr/apps/google-forms,82.0,fr
webcatalog.io/fr/apps/private-email,81.0,fr
webcatalog.io/fr/apps/poki,79.0,fr
webcatalog.io/zh-TW/apps/baidu-image,78.0,fr
webcatalog.io/fr/apps/oculus-casting,78.0,fr
webcatalog.io/fr/apps/whatthefont,77.0,fr
webcatalog.io/fr/apps/gauthmath,76.0,fr
webcatalog.io/fr/apps/seller-central,76.0,fr
webcatalog.io/fr/apps/quizizz/mobile,75.0,fr
webcatalog.io/fr/apps/opus-clip,75.0,fr
webcatalog.io/fr/apps/linkbox,73.0,fr
webcatalog.io/fr/apps/nos-tv,73.0,fr
webcatalog.io/fr/apps/libero-mail,73.0,fr
webcatalog.io/fr/apps/stats-fm,72.0,fr
webcatalog.io/fr/apps/radio-garden,71.0,fr
webcatalog.io/fr/apps/zalo,70.0,fr
webcatalog.io/fr/apps/eitaa,70.0,fr
webcatalog.io/fr/apps/apkmirror,70.0,fr
webcatalog.io/fr/apps/ziggo-go,69.0,fr
webcatalog.io/fr/apps/tv-garden,69.0,fr
webcatalog.io/fr/apps/yoti,69.0,fr
webcatalog.io/fr/apps/ukr-net,68.0,fr
webcatalog.io/fr/apps/croxyproxy,67.0,fr
webcatalog.io/fr/apps/namelix,67.0,fr
webcatalog.io/fr/apps/cyberchef,67.0,fr
webcatalog.io/fr/apps/icon-archive,66.0,fr
webcatalog.io/fr/apps/typingclub,66.0,fr
webcatalog.io/en/apps/coin360,65.0,fr
webcatalog.io/fr/apps/chatblink,65.0,fr
webcatalog.io/fr/apps/softcatala-corrector,64.0,fr
webcatalog.io/fr/apps/startpage,64.0,fr
webcatalog.io/fr/apps/social-blade,64.0,fr
webcatalog.io/fr/apps/brite,64.0,fr
webcatalog.io/fr/apps/shein,64.0,fr
webcatalog.io/fr/apps/gg-deals,63.0,fr
webcatalog.io/fr/apps/mundotoro,63.0,fr
webcatalog.io/fr/apps/pixivfanbox,63.0,fr
webcatalog.io/fr/apps/mixamo,62.0,fr
webcatalog.io/fr/apps/creative-fabrica,62.0,fr
webcatalog.io/fr/apps/scribbr,62.0,fr
webcatalog.io/fr/apps/grok,61.0,fr
webcatalog.io/fr/apps/sharedrop,61.0,fr
webcatalog.io/en/apps/loklok,61.0,fr
webcatalog.io/fr/apps/yaytext,61.0,fr
webcatalog.io/fr/apps/protonmail,61.0,fr
webcatalog.io/fr/apps/twitter-viewer-io,61.0,fr
webcatalog.io/en/apps/flight-club,60.0,fr
webcatalog.io/en/apps/onlinegdb,60.0,fr
webcatalog.io/fr/apps/chatrandom/mobile,59.0,fr
webcatalog.io/fr/apps/taptap,58.0,fr
webcatalog.io/fr/apps/icloud-find-my-iphone,58.0,fr
webcatalog.io/fr/apps/bluesky,58.0,fr
webcatalog.io/fr/apps/bandlab,58.0,fr
webcatalog.io/fr/apps/setlist-fm,57.0,fr
webcatalog.io/fr/apps/snapchat-video-downloader,56.0,fr
webcatalog.io/fr/apps/itslearning,55.0,fr
webcatalog.io/fr/apps/gmgn,55.0,fr
webcatalog.io/fr/apps/postermywall,55.0,fr
webcatalog.io/en/apps/cleanup-pictures,54.0,fr
webcatalog.io/fr/apps/wikimapia,54.0,fr
webcatalog.io/fr/apps/yandex-search,54.0,fr
webcatalog.io/fr/apps/wallhaven,54.0,fr
webcatalog.io/en/apps/chatable,54.0,fr
webcatalog.io/fr/apps/krea-ai,53.0,fr
webcatalog.io/fr/apps/getemoji,52.0,fr
webcatalog.io/fr/apps/sellix,52.0,fr
webcatalog.io/fr/apps/geogebra,52.0,fr
webcatalog.io/fr/apps/mediafire,52.0,fr
webcatalog.io/fr/apps/anime-planet,52.0,fr
webcatalog.io/fr/apps/4shared,51.0,fr
webcatalog.io/fr/apps/dartpad,51.0,fr
webcatalog.io/fr/apps/microsoft-excel,51.0,fr
webcatalog.io/fr/apps/mdn-web-docs,51.0,fr
webcatalog.io/fr/apps/speaky,51.0,fr
webcatalog.io/fr/apps/mewe,50.0,fr
webcatalog.io/fr/apps/vidwud,50.0,fr
webcatalog.io/fr/apps/clideo,50.0,fr
webcatalog.io/fr/apps/downdetector,50.0,fr
webcatalog.io/fr/apps/trimbox,50.0,fr
webcatalog.io/de/apps/poki,16.0,de
webcatalog.io/de/apps/janitor-ai,95.0,de
webcatalog.io/de/apps/ionos-webmail,29.0,de
webcatalog.io/de/apps/playhop,45.0,de
webcatalog.io/de/apps/snaptik,25.0,de
webcatalog.io/de/apps/u-gg,41.0,de
webcatalog.io/de/apps/cobalt-tools,8.0,de
webcatalog.io/de/apps/vesselfinder,18.0,de
webcatalog.io/de/apps/bale,52.0,de
webcatalog.io/de/apps/libero-mail,3.0,de
webcatalog.io/de/apps/mmoga,20.0,de
webcatalog.io/de/apps/crushonai,189.0,de
webcatalog.io/de/apps/zangi,2.0,de
webcatalog.io/de/apps/instant-gaming,7.0,de
webcatalog.io/de/apps/deeplol-gg,77.0,de
webcatalog.io/apps/libero-mail,17.0,de
webcatalog.io/de/apps/microsoft-word,4.0,de
webcatalog.io/de/apps/kling-ai,14.0,de
webcatalog.io/de/apps/flvto-click,22.0,de
webcatalog.io/de/apps/gofile,41.0,de
webcatalog.io/apps/planetromeo,2.0,de
webcatalog.io/de/apps/chatrandom/mobile,14.0,de
webcatalog.io/en/apps/trading-terminal,10.0,de
webcatalog.io/de/apps/twitter-viewer-io,121.0,de
webcatalog.io/de/apps/photocall-tv,9.0,de
webcatalog.io/de/apps/aternos,24.0,de
webcatalog.io/de/apps/poly-ai,10.0,de
webcatalog.io/apps/wetransfer,10.0,de
webcatalog.io/de/apps/yandex-video,34.0,de
webcatalog.io/de/apps/archidekt,17.0,de
webcatalog.io/de/apps/viamichelin,27.0,de
webcatalog.io/apps/dex-screener,19.0,de
webcatalog.io/de/apps/pdf-drive,7.0,de
webcatalog.io/de/apps/flightaware,30.0,de
webcatalog.io/de/apps/i-love-pdf-2,19.0,de
webcatalog.io/de/apps/luckycrush,7.0,de
webcatalog.io/de/apps/daily-jang,58.0,de
webcatalog.io/de/apps/soccerway,2.0,de
webcatalog.io/de/apps/uniteddomains-webmailer,4.0,de
webcatalog.io/de/apps/mobidrive,3.0,de
webcatalog.io/de/apps/taptap,4.0,de
webcatalog.io/apps/gitlab,62.0,de
webcatalog.io/en/apps/bale,16.0,de
webcatalog.io/de/apps/google-translate,24.0,de
webcatalog.io/de/apps/pr0gramm,1.0,de
webcatalog.io/de/apps/ezgif,1.0,de
webcatalog.io/apps/pr0gramm,9.0,de
webcatalog.io/de/apps/qq-fanyi,21.0,de
webcatalog.io/de/apps/eitaa,6.0,de
webcatalog.io/de/apps/snapchat-video-downloader,19.0,de
webcatalog.io/de/apps/mp3juice,5.0,de
webcatalog.io/de/apps/tunebat,25.0,de
webcatalog.io/de/apps/nitter,3.0,de
webcatalog.io/de/apps/bring,8.0,de
webcatalog.io/en/apps/lolalytics,21.0,de
webcatalog.io/de/apps/chatblink,14.0,de
webcatalog.io/de/apps/hetzner-konsoleh,13.0,de
webcatalog.io/de/apps/x-minus,14.0,de
webcatalog.io/de/apps/distrowatch,14.0,de
webcatalog.io/de/apps/minichat,7.0,de
webcatalog.io/de/apps/character-ai,1.0,de
webcatalog.io/de/apps/chatgot,3.0,de
webcatalog.io/de/apps/playhop/mobile,9.0,de
webcatalog.io/de/apps/looti,36.0,de
webcatalog.io/de/apps/rambler-mail,2.0,de
webcatalog.io/de/apps/ankiweb,206.0,de
webcatalog.io/de/apps/kozikaza,6.0,de
webcatalog.io/de/apps/google-sheets,5.0,de
webcatalog.io/de/apps/tim-mail,20.0,de
webcatalog.io/de/apps/yodayo,2.0,de
webcatalog.io/de/apps/tango-me,4.0,de
webcatalog.io/en/apps/sci-hub,44.0,de
webcatalog.io/de/apps/gomeet-today,1.0,de
webcatalog.io/de/apps/back-market,5.0,de
webcatalog.io/apps/deeplol-gg,4.0,de
webcatalog.io/de/apps/glosbe,36.0,de
webcatalog.io/de/apps/kbh-games,5.0,de
webcatalog.io/de/apps/planet-minecraft,6.0,de
webcatalog.io/apps/wco-tv,29.0,de
webcatalog.io/de/apps/boards,2.0,de
webcatalog.io/de/apps/spicychat-ai,1.0,de
webcatalog.io/de/apps/vidwud,63.0,de
webcatalog.io/de/apps/instascraper,22.0,de
webcatalog.io/de/apps/curseforge,6.0,de
webcatalog.io/de/apps/mail-ru,10.0,de
webcatalog.io/de/apps/webcam-toy,1.0,de
webcatalog.io/de/apps/zalo,4.0,de
webcatalog.io/de/apps/spond,5.0,de
webcatalog.io/apps/baidu-tieba,22.0,de
webcatalog.io/apps/soccerstand,15.0,de
webcatalog.io/de/apps/neal-fun,8.0,de
webcatalog.io/en/apps/mp3juice,5.0,de
webcatalog.io/de/apps/ziggo-go,3.0,de
webcatalog.io/de/apps/whop,16.0,de
webcatalog.io/de/apps/uhmegle,12.0,de
webcatalog.io/de/apps/godmodetrader,5.0,de
webcatalog.io/de/apps/traderie,2.0,de
webcatalog.io/en/apps/soccerstand,25.0,de
webcatalog.io/de/apps/vidio-ai,69.0,de
webcatalog.io/de/apps/seaart,69.0,de
webcatalog.io/de/apps/livescore,67.0,de
webcatalog.io/de/apps/yacine-tv,67.0,de
webcatalog.io/de/apps/teamviewer,66.0,de
webcatalog.io/de/apps/chattube,66.0,de
webcatalog.io/en/apps/eitaa,65.0,de
webcatalog.io/de/apps/myinstants,65.0,de
webcatalog.io/de/apps/icloud-mail,65.0,de
webcatalog.io/de/apps/snappfood,65.0,de
webcatalog.io/de/apps/artguru,64.0,de
webcatalog.io/de/apps/amazon-alexa,64.0,de
webcatalog.io/de/apps/swisstransfer,64.0,de
webcatalog.io/de/apps/xbox-cloud-gaming,63.0,de
webcatalog.io/de/apps/clubdesk,63.0,de
webcatalog.io/apps/genshin-impact-map,62.0,de
webcatalog.io/de/apps/sapo-mail,60.0,de
webcatalog.io/de/apps/whatthefont,60.0,de
webcatalog.io/de/apps/itch-io,59.0,de
webcatalog.io/de/apps/rediffmail,59.0,de
webcatalog.io/de/apps/youtube-kids,59.0,de
webcatalog.io/de/apps/yaytext,58.0,de
webcatalog.io/de/apps/wallhaven,58.0,de
webcatalog.io/de/apps/amazon-a-to-z,54.0,de
webcatalog.io/de/apps/google-forms,54.0,de
webcatalog.io/de/apps/instagram,53.0,de
webcatalog.io/ru/apps/fossabot,53.0,de
webcatalog.io/de/apps/hent,51.0,de
webcatalog.io/en/apps/trademarkia,51.0,de
webcatalog.io/it/apps/libero-mail,182.0,it
webcatalog.io/it/apps/5chat,97.0,it
webcatalog.io/it/apps/yahoo,2.0,it
webcatalog.io/it/apps/janitor-ai,8.0,it
webcatalog.io/en/apps/5chat/mobile,85.0,it
webcatalog.io/it/apps/viamichelin,107.0,it
webcatalog.io/it/apps/5chat/mobile,25.0,it
webcatalog.io/it/apps/azar,51.0,it
webcatalog.io/it/apps/groupon/alternatives,24.0,it
webcatalog.io/it/apps/uhmegle,34.0,it
webcatalog.io/it/apps/tim-mail,32.0,it
webcatalog.io/it/apps/gleeden,8.0,it
webcatalog.io/it/apps/chatrandom,72.0,it
webcatalog.io/it/apps/mytim,17.0,it
webcatalog.io/it/apps/annas-archive,103.0,it
webcatalog.io/it/apps/onlinegdb,15.0,it
webcatalog.io/it/apps/pdf-drive,7.0,it
webcatalog.io/it/apps/planetromeo/alternatives,20.0,it
webcatalog.io/it/apps/vesselfinder,4.0,it
webcatalog.io/it/apps/aternos,97.0,it
webcatalog.io/it/apps/photocall-tv,30.0,it
webcatalog.io/it/apps/pairdrop,11.0,it
webcatalog.io/it/apps/slidesgo,6.0,it
webcatalog.io/it/apps/sharedrop,23.0,it
webcatalog.io/it/apps/microsoft-onedrive,80.0,it
webcatalog.io/it/apps/oxfordlearnersbookshelf,182.0,it
webcatalog.io/it/apps/webcam-toy,13.0,it
webcatalog.io/it/apps/rezultati,6.0,it
webcatalog.io/it/apps/planet-minecraft,11.0,it
webcatalog.io/it/apps/spotify,56.0,it
webcatalog.io/it/apps/instant-gaming,16.0,it
webcatalog.io/it/apps/wikihow,29.0,it
webcatalog.io/it/apps/spicychat-ai/mobile,25.0,it
webcatalog.io/it/apps/knowunity,39.0,it
webcatalog.io/it/apps/dazn/alternatives,10.0,it
webcatalog.io/it/apps/vk,103.0,it
webcatalog.io/apps/yacine-tv,32.0,it
webcatalog.io/it/apps/luckycrush,13.0,it
webcatalog.io/it/apps/character-ai,4.0,it
webcatalog.io/en/apps/flightradar24,11.0,it
webcatalog.io/it/apps/deepl-translate,24.0,it
webcatalog.io/it/apps/aptoide,81.0,it
webcatalog.io/it/apps/x-minus,5.0,it
webcatalog.io/it/apps/nitter,47.0,it
webcatalog.io/en/apps/tunebat,13.0,it
webcatalog.io/it/apps/diretta/mobile,27.0,it
webcatalog.io/it/apps/swisstransfer,46.0,it
webcatalog.io/it/apps/sylaps,3.0,it
webcatalog.io/it/apps/meetic,7.0,it
webcatalog.io/it/apps/fantacalcio,20.0,it
webcatalog.io/it/apps/yahoo-search,8.0,it
webcatalog.io/it/apps/google-finance,2.0,it
webcatalog.io/apps/soccerway,2.0,it
webcatalog.io/it/apps/aol-mail,16.0,it
webcatalog.io/en/apps/planetromeo,19.0,it
webcatalog.io/it/apps/dex-screener,1.0,it
webcatalog.io/it/apps/chatgot,10.0,it
webcatalog.io/it/apps/poly-ai,161.0,it
webcatalog.io/it/apps/dropbox,91.0,it
webcatalog.io/it/apps/yaytext,3.0,it
webcatalog.io/it/apps/tarjama-amt,5.0,it
webcatalog.io/it/apps/mail-ru/mobile,2.0,it
webcatalog.io/it/apps/microsoft-teams,17.0,it
webcatalog.io/it/apps/icloud-mail,14.0,it
webcatalog.io/it/apps/mycanal,20.0,it
webcatalog.io/it/apps/z-ai,44.0,it
webcatalog.io/it/apps/gomeet-today,10.0,it
webcatalog.io/it/apps/ionos-webmail,29.0,it
webcatalog.io/it/apps/i-love-pdf-2,25.0,it
webcatalog.io/en/apps/onlinegdb,20.0,it
webcatalog.io/it/apps/pdf24,29.0,it
webcatalog.io/apps/u-gg,13.0,it
webcatalog.io/it/apps/shein,5.0,it
webcatalog.io/it/apps/radio-garden,2.0,it
webcatalog.io/it/apps/creditsafe,11.0,it
webcatalog.io/it/apps/convertio,73.0,it
webcatalog.io/it/apps/noun-project,10.0,it
webcatalog.io/it/apps/gofile,1.0,it
webcatalog.io/en/apps/filterpixel,7.0,it
webcatalog.io/it/apps/my-drama-list,1.0,it
webcatalog.io/it/apps/icloud-find-my-iphone,40.0,it
webcatalog.io/it/apps/webuntis,3.0,it
webcatalog.io/it/apps/polcompball-anarchy-wiki,42.0,it
webcatalog.io/it/apps/hacker-typer,17.0,it
webcatalog.io/it/apps/playhop,13.0,it
webcatalog.io/it/apps/diretta,15.0,it
webcatalog.io/it/apps/civitai,39.0,it
webcatalog.io/it/apps/fast,19.0,it
webcatalog.io/it/apps/gleeden/alternatives,14.0,it
webcatalog.io/it/apps/hostinger-webmail,5.0,it
webcatalog.io/it/apps/qooapp,15.0,it
webcatalog.io/it/apps/microsoft-word,3.0,it
webcatalog.io/it/apps/cobalt-tools,7.0,it
webcatalog.io/it/apps/smallpdf,19.0,it
webcatalog.io/en/apps/webcam-toy,2.0,it
webcatalog.io/it/apps/liven/mobile,127.0,it
webcatalog.io/it/apps/msn-games,123.0,it
webcatalog.io/it/apps/life360,122.0,it
webcatalog.io/it/apps/linguee,122.0,it
webcatalog.io/it/apps/startpage,121.0,it
webcatalog.io/it/apps/pure/alternatives,120.0,it
webcatalog.io/it/apps/cleanup-pictures,120.0,it
webcatalog.io/it/apps/pdfescape,118.0,it
webcatalog.io/it/apps/ankiweb,118.0,it
webcatalog.io/it/apps/krea-ai,116.0,it
webcatalog.io/it/apps/gg-deals,114.0,it
webcatalog.io/it/apps/toomics,113.0,it
webcatalog.io/it/apps/omegle,113.0,it
webcatalog.io/it/apps/leiapix-converter,112.0,it
webcatalog.io/it/apps/twitter-viewer-io,110.0,it
webcatalog.io/it/apps/font-squirrel,110.0,it
webcatalog.io/it/apps/monkey,109.0,it
webcatalog.io/it/apps/g2g,109.0,it
webcatalog.io/it/apps/aol,108.0,it
webcatalog.io/it/apps/sketchfab,107.0,it
webcatalog.io/it/apps/teamviewer,107.0,it
webcatalog.io/it/apps/afrointroductions/mobile,105.0,it
webcatalog.io/it/apps/interia,105.0,it
webcatalog.io/it/apps/crushonai,105.0,it
webcatalog.io/it/apps/copecart,104.0,it
webcatalog.io/it/apps/mojo,103.0,it
webcatalog.io/it/apps/google-translate/mobile,101.0,it
webcatalog.io/it/apps/ziggo-go,101.0,it
webcatalog.io/it/apps/monkeytype,101.0,it
webcatalog.io/it/apps/yahoo-mail,100.0,it
webcatalog.io/it/apps/chatblink,99.0,it
webcatalog.io/it/apps/expedia,99.0,it
webcatalog.io/it/apps/saramart,98.0,it
webcatalog.io/it/apps/fastmail/mobile,97.0,it
webcatalog.io/en/apps/ezgif,97.0,it
webcatalog.io/it/apps/digi-online,95.0,it
webcatalog.io/it/apps/camscanner,95.0,it
webcatalog.io/it/apps/marinetraffic,94.0,it
webcatalog.io/it/apps/snaptik,93.0,it
webcatalog.io/it/apps/spicychat-ai,92.0,it
webcatalog.io/it/apps/overleaf,92.0,it
webcatalog.io/it/apps/perplexity-ai,90.0,it
webcatalog.io/it/apps/alternativeto,90.0,it
webcatalog.io/it/apps/subscene,87.0,it
webcatalog.io/it/apps/hangouts-meet,86.0,it
webcatalog.io/it/apps/microsoft-excel,86.0,it
webcatalog.io/it/apps/tunebat,86.0,it
webcatalog.io/it/apps/photopea,85.0,it
webcatalog.io/it/apps/myairbridge-com,84.0,it
webcatalog.io/it/apps/ovhcloud-mail,84.0,it
webcatalog.io/it/apps/mail-ru,84.0,it
webcatalog.io/it/apps/codepen,83.0,it
webcatalog.io/it/apps/manga-plus,83.0,it
webcatalog.io/it/apps/lunapic,83.0,it
webcatalog.io/en/apps/instascraper,82.0,it
webcatalog.io/it/apps/google-play-console,82.0,it
webcatalog.io/it/apps/grabcad,81.0,it
webcatalog.io/it/apps/yacine-tv,81.0,it
webcatalog.io/it/apps/blogger,81.0,it
webcatalog.io/it/apps/samsung-cloud,80.0,it
webcatalog.io/en/apps/monkeytype,79.0,it
webcatalog.io/it/apps/tiktok,79.0,it
webcatalog.io/it/apps/neal-fun,77.0,it
webcatalog.io/it/apps/aruba-it-webmail,77.0,it
webcatalog.io/it/apps/otranscribe,76.0,it
webcatalog.io/it/apps/tango-me,76.0,it
webcatalog.io/it/apps/vinted-it,75.0,it
webcatalog.io/it/apps/instagram,75.0,it
webcatalog.io/it/apps/dirpy,74.0,it
webcatalog.io/it/apps/anton,73.0,it
webcatalog.io/apps/maxroll,73.0,it
webcatalog.io/it/apps/roobet,72.0,it
webcatalog.io/it/apps/grindr/alternatives,72.0,it
webcatalog.io/it/apps/google-notebooklm,72.0,it
webcatalog.io/it/apps/microsoft-power-bi,72.0,it
webcatalog.io/it/apps/desmos-calculator,72.0,it
webcatalog.io/it/apps/icon-archive,71.0,it
webcatalog.io/apps/wetransfer,71.0,it
webcatalog.io/it/apps/piskel,71.0,it
webcatalog.io/it/apps/oculus-casting,71.0,it
webcatalog.io/it/apps/bigo-live/mobile,70.0,it
webcatalog.io/it/apps/vinted-it/mobile,70.0,it
webcatalog.io/it/apps/brawl-stats/mobile,70.0,it
webcatalog.io/it/apps/uptodown,70.0,it
webcatalog.io/it/apps/creditsafe/alternatives,70.0,it
webcatalog.io/en/apps/whatthefont,69.0,it
webcatalog.io/it/apps/filehippo,69.0,it
webcatalog.io/it/apps/google-doodles,69.0,it
webcatalog.io/it/apps/pokemon-showdown,68.0,it
webcatalog.io/it/apps/justwatch,68.0,it
webcatalog.io/it/apps/betplay,67.0,it
webcatalog.io/it/apps/pocket-option,66.0,it
webcatalog.io/it/apps/planetromeo,66.0,it
webcatalog.io/apps/planetromeo,66.0,it
webcatalog.io/it/apps/camgo,66.0,it
webcatalog.io/it/apps/bt-email,65.0,it
webcatalog.io/it/apps/bing-maps,65.0,it
webcatalog.io/it/apps/iloveimg,65.0,it
webcatalog.io/it/apps/justetf,64.0,it
webcatalog.io/it/apps/hitv,64.0,it
webcatalog.io/nl/apps/yahoo-mail,617.0,nl
webcatalog.io/apps/libero-mail,434.0,nl
webcatalog.io/en/apps/chatgot,396.0,nl
webcatalog.io/nl/apps/vesselfinder/mobile,297.0,nl
webcatalog.io/nl/apps/luckycrush,278.0,nl
webcatalog.io/nl/apps/soccerstand,268.0,nl
webcatalog.io/nl/apps/basispoort,263.0,nl
webcatalog.io/en/apps/micromrr,248.0,nl
webcatalog.io/nl/apps/chatrandom,225.0,nl
webcatalog.io/en/apps/libero-mail,191.0,nl
webcatalog.io/nl/apps/bale,178.0,nl
webcatalog.io/nl/apps/cobalt-tools,174.0,nl
webcatalog.io/nl/apps/pairdrop,167.0,nl
webcatalog.io/en/apps/flightradar24,139.0,nl
webcatalog.io/nl/apps/snaptik/mobile,121.0,nl
webcatalog.io/nl/apps/wattpad,119.0,nl
webcatalog.io/nl/apps/vesselfinder,106.0,nl
webcatalog.io/nl/apps/yt1s,104.0,nl
webcatalog.io/nl/apps/x-minus,100.0,nl
webcatalog.io/nl/apps/chatblink,93.0,nl
webcatalog.io/en/apps/google-notebooklm,90.0,nl
webcatalog.io/en/apps/soccerway,84.0,nl
webcatalog.io/nl/apps/viamichelin,84.0,nl
webcatalog.io/en/apps/webcam-toy,77.0,nl
webcatalog.io/nl/apps/strato-webmail,75.0,nl
webcatalog.io/nl/apps/google-docs,69.0,nl
webcatalog.io/nl/apps/neal-fun,67.0,nl
webcatalog.io/nl/apps/icloud-mail,67.0,nl
webcatalog.io/nl/apps/wetransfer,64.0,nl
webcatalog.io/nl/apps/flightaware,60.0,nl
webcatalog.io/nl/apps/sapo-mail,59.0,nl
webcatalog.io/nl/apps/candy-ai,58.0,nl
webcatalog.io/nl/apps/routexl,58.0,nl
webcatalog.io/nl/apps/live-coin-watch,51.0,nl
webcatalog.io/en/apps/tory-burch,50.0,nl
webcatalog.io/ru/apps/spaces,109.0,ru
webcatalog.io/ru/apps/x-minus,743.0,ru
webcatalog.io/ru/apps/success-factory,650.0,ru
webcatalog.io/ru/apps/taptap/mobile,453.0,ru
webcatalog.io/ru/apps/yandex-ru,451.0,ru
webcatalog.io/ru/apps/piastrix,402.0,ru
webcatalog.io/ru/apps/youla,367.0,ru
webcatalog.io/ru/apps/aliexpress,360.0,ru
webcatalog.io/en/apps/crowd1,353.0,ru
webcatalog.io/ru/apps/yandex-sport,353.0,ru
webcatalog.io/ru/apps/badoo/alternatives,347.0,ru
webcatalog.io/ru/apps/nike-snkrs,330.0,ru
webcatalog.io/ru/apps/soap4me,303.0,ru
webcatalog.io/ru/apps/railway,297.0,ru
webcatalog.io/ja/apps/picrew,281.0,ru
webcatalog.io/ru/apps/aternos,270.0,ru
webcatalog.io/en/apps/starbyface/mobile,268.0,ru
webcatalog.io/ru/apps/mail-ru,263.0,ru
webcatalog.io/ru/apps/vsco,238.0,ru
webcatalog.io/ru/apps/instagram,221.0,ru
webcatalog.io/ru/apps/avito,213.0,ru
webcatalog.io/ru/apps/chatroulette,187.0,ru
webcatalog.io/ru/apps/microsoft-word,181.0,ru
webcatalog.io/en/apps/soccerstand,181.0,ru
webcatalog.io/ru/apps/binder,179.0,ru
webcatalog.io/ru/apps/muse-ai,177.0,ru
webcatalog.io/ru/apps/rambler-horoscopes,176.0,ru
webcatalog.io/ru/apps/bong-da-24h/mobile,159.0,ru
webcatalog.io/ru/apps/pure,153.0,ru
webcatalog.io/ru/apps/ratatype,137.0,ru
webcatalog.io/ru/apps/ivo-systems,137.0,ru
webcatalog.io/ru/apps/ivo,123.0,ru
webcatalog.io/ru/apps/wikimapia,122.0,ru
webcatalog.io/en/apps/onlinegdb,120.0,ru
webcatalog.io/ru/apps/pinterest,118.0,ru
webcatalog.io/ru/apps/yandex-translate,117.0,ru
webcatalog.io/ru/apps/webcam-toy,114.0,ru
webcatalog.io/en/apps/streamable,109.0,ru
webcatalog.io/ru/apps/mimo,108.0,ru
webcatalog.io/ru/apps/snaptik/mobile,103.0,ru
webcatalog.io/ru/apps/idroo,102.0,ru
webcatalog.io/ru/apps/planet-minecraft,94.0,ru
webcatalog.io/ru/apps/1xbet,89.0,ru
webcatalog.io/ru/apps/periscope,85.0,ru
webcatalog.io/ru/apps/reface/alternatives,83.0,ru
webcatalog.io/ru/apps/finder,83.0,ru
webcatalog.io/ru/apps/yandex-education,76.0,ru
webcatalog.io/ru/apps/premiumbeat,74.0,ru
webcatalog.io/apps/hacker-typer,74.0,ru
webcatalog.io/ru/apps/interpals/mobile,70.0,ru
webcatalog.io/ru/apps/nvidia-geforce-now,70.0,ru
webcatalog.io/ru/apps/okko,70.0,ru
webcatalog.io/ru/apps/classtime,68.0,ru
webcatalog.io/ru/apps/convertio,65.0,ru
webcatalog.io/ru/apps/onlinegdb,64.0,ru
webcatalog.io/ru/apps/crypto-bubbles,61.0,ru
webcatalog.io/ru/apps/chattube,58.0,ru
webcatalog.io/ru/apps/vk,58.0,ru
webcatalog.io/ru/apps/imgbb,56.0,ru
webcatalog.io/ru/apps/optimizilla,56.0,ru
webcatalog.io/ru/apps/forebears,56.0,ru
webcatalog.io/ru/apps/jarvis,55.0,ru
webcatalog.io/ru/apps/avito/mobile,54.0,ru
webcatalog.io/ru/apps/askfm,52.0,ru
webcatalog.io/ru/apps/mee6,52.0,ru
webcatalog.io/ru/apps/freedom,51.0,ru
webcatalog.io/apps/instagram,51.0,ru
webcatalog.io/ru/apps/adobe-illustrator,50.0,ru
webcatalog.io/ru/apps/2gis,50.0,ru
webcatalog.io/en/apps/squirt-org,682.0,ca
webcatalog.io/en/apps/webcam-toy,655.0,ca
webcatalog.io/en/apps/gimy,347.0,ca
webcatalog.io/en/apps/ebay-ca,275.0,ca
webcatalog.io/en/apps/push-operations,144.0,ca
webcatalog.io/en/apps/monkeytype,130.0,ca
webcatalog.io/en/apps/fanshawe-webadvisor,112.0,ca
webcatalog.io/en/apps/deeplol-gg,107.0,ca
webcatalog.io/en/apps/u-gg,102.0,ca
webcatalog.io/en/apps/photocall-tv,99.0,ca
webcatalog.io/en/apps/yacine-tv,95.0,ca
webcatalog.io/en/apps/linguee,95.0,ca
webcatalog.io/en/apps/filehippo,93.0,ca
webcatalog.io/apps/baidu-wangpan,90.0,ca
webcatalog.io/en/apps/zalo,78.0,ca
webcatalog.io/en/apps/baidu-wangpan,76.0,ca
webcatalog.io/en/apps/flightaware,75.0,ca
webcatalog.io/en/apps/kleki,66.0,ca
webcatalog.io/apps/classeviva,66.0,ca
webcatalog.io/en/apps/tunebat,63.0,ca
webcatalog.io/en/apps/wetransfer,63.0,ca
webcatalog.io/en/apps/playmods,62.0,ca
webcatalog.io/en/apps/mp3juice,61.0,ca
webcatalog.io/en/apps/rapidtables,61.0,ca
webcatalog.io/en/apps/kling-ai,60.0,ca
webcatalog.io/apps/baidu-fanyi,60.0,ca
webcatalog.io/ja/apps/picrew,60.0,ca
webcatalog.io/en/apps/cobalt-tools,54.0,ca
webcatalog.io/en/apps/uol-mail,52.0,ca
webcatalog.io/en/apps/playmods,2.0,br
webcatalog.io/pt/apps/webcam-toy,32.0,br
webcatalog.io/pt/apps/webmii,19.0,br
webcatalog.io/pt/apps/fast,6.0,br
webcatalog.io/ja/apps/picrew,65.0,br
webcatalog.io/en/apps/sharedrop,1.0,br
webcatalog.io/pt/apps/convertio,88.0,br
webcatalog.io/pt/apps/deeplol-gg,27.0,br
webcatalog.io/pt/apps/chatrandom/mobile,35.0,br
webcatalog.io/pt/apps/polotno-studio,28.0,br
webcatalog.io/pt/apps/blackbox,2.0,br
webcatalog.io/en/apps/steamdb,7.0,br
webcatalog.io/pt/apps/ultramail,22.0,br
webcatalog.io/pt/apps/nutror,6.0,br
webcatalog.io/pt/apps/hostinger-webmail,36.0,br
webcatalog.io/pt/apps/fontspace,31.0,br
webcatalog.io/pt/apps/simplesvet,4.0,br
webcatalog.io/pt/apps/meu-bernoulli-4-0,83.0,br
webcatalog.io/pt/apps/kbh-games,14.0,br
webcatalog.io/pt/apps/character-ai,13.0,br
webcatalog.io/apps/ixigua,7.0,br
webcatalog.io/pt/apps/sharedrop,1.0,br
webcatalog.io/apps/photocall-tv,2.0,br
webcatalog.io/pt/apps/sitegpt,9.0,br
webcatalog.io/pt/apps/vlr-gg,1.0,br
webcatalog.io/apps/monkeytype,5.0,br
webcatalog.io/en/apps/deeplol-gg,15.0,br
webcatalog.io/apps/makercase,16.0,br
webcatalog.io/pt/apps/imgbb,6.0,br
webcatalog.io/pt/apps/apkmirror,7.0,br
webcatalog.io/pt/apps/ttsfree,17.0,br
webcatalog.io/pt/apps/uptodown,12.0,br
webcatalog.io/pt/apps/gg-deals,11.0,br
webcatalog.io/pt/apps/twitter-viewer-io,66.0,br
webcatalog.io/pt/apps/hacker-typer,32.0,br
webcatalog.io/pt/apps/shopee,29.0,br
webcatalog.io/pt/apps/grindr,19.0,br
webcatalog.io/pt/apps/viggleai,24.0,br
webcatalog.io/pt/apps/codepen,29.0,br
webcatalog.io/pt/apps/planet-minecraft,1.0,br
webcatalog.io/pt/apps/anki-pro,11.0,br
webcatalog.io/pt/apps/vidwud,23.0,br
webcatalog.io/pt/apps/snapdrop,3.0,br
webcatalog.io/en/apps/onlinegdb,64.0,br
webcatalog.io/pt/apps/edenx,11.0,br
webcatalog.io/pt/apps/google-forms,2.0,br
webcatalog.io/pt/apps/letreiro-online,20.0,br
webcatalog.io/pt/apps/wikihow,17.0,br
webcatalog.io/pt/apps/microsoft-word,12.0,br
webcatalog.io/pt/apps/msn-games,36.0,br
webcatalog.io/pt/apps/keybr,16.0,br
webcatalog.io/pt/apps/icloud-find-my-iphone,4.0,br
webcatalog.io/pt/apps/libero-mail,20.0,br
webcatalog.io/pt/apps/mycompiler,13.0,br
webcatalog.io/pt/apps/steamdb,2.0,br
webcatalog.io/pt/apps/qooapp,30.0,br
webcatalog.io/en/apps/filepursuit,6.0,br
webcatalog.io/pt/apps/annas-archive,8.0,br
webcatalog.io/pt/apps/cutout-pro,27.0,br
webcatalog.io/pt/apps/gofile,6.0,br
webcatalog.io/en/apps/photopea,25.0,br
webcatalog.io/apps/monkey,15.0,br
webcatalog.io/apps/namsogen,16.0,br
webcatalog.io/en/apps/tunebat,19.0,br
webcatalog.io/pt/apps/namelix,4.0,br
webcatalog.io/pt/apps/ford,13.0,br
webcatalog.io/pt/apps/videvo,3.0,br
webcatalog.io/pt/apps/media-io,28.0,br
webcatalog.io/pt/apps/wallhaven,2.0,br
webcatalog.io/pt/apps/iloveimg,2.0,br
webcatalog.io/pt/apps/kozikaza,6.0,br
webcatalog.io/pt/apps/pdax,12.0,br
webcatalog.io/pt/apps/backloggd,21.0,br
webcatalog.io/en/apps/snapdrop,7.0,br
webcatalog.io/pt/apps/monkeytype,7.0,br
webcatalog.io/pt/apps/zoom-earth,2.0,br
webcatalog.io/pt/apps/sejda,37.0,br
webcatalog.io/pt/apps/subeasy-ai,2.0,br
webcatalog.io/en/apps/monkeytype,3.0,br
webcatalog.io/pt/apps/yr-no/mobile,6.0,br
webcatalog.io/en/apps/cleanup-pictures,3.0,br
webcatalog.io/pt/apps/pairdrop,5.0,br
webcatalog.io/pt/apps/redfinger,5.0,br
webcatalog.io/pt/apps/font-squirrel,1.0,br
webcatalog.io/en/apps/media-io,28.0,br
webcatalog.io/pt/apps/moemate,4.0,br
webcatalog.io/pt/apps/yoose,18.0,br
webcatalog.io/pt/apps/tunebat,2.0,br
webcatalog.io/pt/apps/life360,25.0,br
webcatalog.io/pt/apps/whiteboard-fox,3.0,br
webcatalog.io/pt/apps/manychat,12.0,br
webcatalog.io/apps/onecompiler,3.0,br
webcatalog.io/pt/apps/ai-ease,8.0,br
webcatalog.io/pt/apps/teamviewer,14.0,br
webcatalog.io/pt/apps/wallpaper-flare,4.0,br
webcatalog.io/pt/apps/rendernet,25.0,br
webcatalog.io/pt/apps/wikimapia,13.0,br
webcatalog.io/pt/apps/ninite-pro,17.0,br
webcatalog.io/pt/apps/ratatype,73.0,br
webcatalog.io/pt/apps/kling-ai,73.0,br
webcatalog.io/pt/apps/yaytext,72.0,br
webcatalog.io/pt/apps/pinetools,69.0,br
webcatalog.io/pt/apps/rubbrband,69.0,br
webcatalog.io/pt/apps/bing-chat,67.0,br
webcatalog.io/en/apps/searchcord,67.0,br
webcatalog.io/pt/apps/cursa,66.0,br
webcatalog.io/en/apps/whatthefont,65.0,br
webcatalog.io/pt/apps/samsung-cloud,65.0,br
webcatalog.io/pt/apps/humbot,64.0,br
webcatalog.io/pt/apps/dartpad,64.0,br
webcatalog.io/pt/apps/microsoft-powerpoint,64.0,br
webcatalog.io/pt/apps/todo-mate,63.0,br
webcatalog.io/pt/apps/gendas,63.0,br
webcatalog.io/pt/apps/flathub,63.0,br
webcatalog.io/pt/apps/makercase,62.0,br
webcatalog.io/pt/apps/charstar,62.0,br
webcatalog.io/pt/apps/yodayo,62.0,br
webcatalog.io/pt/apps/rentry,60.0,br
webcatalog.io/pt/apps/crushonai,60.0,br
webcatalog.io/pt/apps/nectar-ai,60.0,br
webcatalog.io/apps/hitv,60.0,br
webcatalog.io/pt/apps/hyper,60.0,br
webcatalog.io/pt/apps/radio-garden/mobile,59.0,br
webcatalog.io/pt/apps/magic-poser,59.0,br
webcatalog.io/pt/apps/my-family-cinema,59.0,br
webcatalog.io/pt/apps/yodayo/mobile,59.0,br
webcatalog.io/pt/apps/upscale-media,58.0,br
webcatalog.io/pt/apps/gptzero,58.0,br
webcatalog.io/pt/apps/photoroom,58.0,br
webcatalog.io/pt/apps/fish-audio,57.0,br
webcatalog.io/pt/apps/raphael-ai,57.0,br
webcatalog.io/pt/apps/infatica-io,57.0,br
webcatalog.io/en/apps/learning-studio-ai,56.0,br
webcatalog.io/pt/apps/flightaware,56.0,br
webcatalog.io/pt/apps/wikidot,55.0,br
webcatalog.io/pt/apps/copyscape,55.0,br
webcatalog.io/pt/apps/anotepad,55.0,br
webcatalog.io/pt/apps/rendernet/alternatives,54.0,br
webcatalog.io/pt/apps/rlaxx,52.0,br
webcatalog.io/apps/coinglass,52.0,br
webcatalog.io/pt/apps/cohesive-ai,52.0,br
webcatalog.io/pt/apps/tallos,52.0,br
webcatalog.io/pt/apps/bibguru,51.0,br
webcatalog.io/pt/apps/what-font-is,51.0,br
webcatalog.io/pt/apps/textme,51.0,br
webcatalog.io/apps/ankiweb,50.0,br
webcatalog.io/pt/apps/traderie,50.0,br
webcatalog.io/en/apps/flowgpt-ai,50.0,br
webcatalog.io/pt/apps/ttsmaker,50.0,br
webcatalog.io/apps/purpleport,2.0,uk
webcatalog.io/en/apps/webcam-toy,12.0,uk
webcatalog.io/apps/currys/mobile,105.0,uk
webcatalog.io/en/apps/yacine-tv,22.0,uk
webcatalog.io/en/apps/mail-tm,3.0,uk
webcatalog.io/apps/itv-hub,10.0,uk
webcatalog.io/en/apps/passmedicine,15.0,uk
webcatalog.io/en/apps/soccerway,9.0,uk
webcatalog.io/en/apps/flightradar24,33.0,uk
webcatalog.io/en/apps/chatblink,13.0,uk
webcatalog.io/apps/squirt-org,7.0,uk
webcatalog.io/en/apps/mp3juice,41.0,uk
webcatalog.io/en/apps/photocall-tv,5.0,uk
webcatalog.io/en/apps/wetransfer,141.0,uk
webcatalog.io/en/apps/porsline/alternatives,1.0,uk
webcatalog.io/en/apps/squirt-org,48.0,uk
webcatalog.io/en/apps/john-lewis-and-partners,5.0,uk
webcatalog.io/en/apps/time-buddy,17.0,uk
webcatalog.io/en/apps/currys/mobile,26.0,uk
webcatalog.io/apps/meroshare,2.0,uk
webcatalog.io/en/apps/hitv,7.0,uk
webcatalog.io/en/apps/gauthmath,35.0,uk
webcatalog.io/en/apps/crypto-bubbles,3.0,uk
webcatalog.io/en/apps/itv-hub,120.0,uk
webcatalog.io/en/apps/bale,8.0,uk
webcatalog.io/apps/gofile,3.0,uk
webcatalog.io/en/apps/astrodienst,2.0,uk
webcatalog.io/en/apps/gimy,3.0,uk
webcatalog.io/apps/wco-tv,4.0,uk
webcatalog.io/en/apps/cobalt-tools,20.0,uk
webcatalog.io/en/apps/shopee,9.0,uk
webcatalog.io/en/apps/word-hippo,23.0,uk
webcatalog.io/apps/studydrive,1.0,uk
webcatalog.io/en/apps/hostinger-webmail,7.0,uk
webcatalog.io/en/apps/libero-mail,6.0,uk
webcatalog.io/en/apps/fire-boltt,1.0,uk
webcatalog.io/en/apps/rediffmail,16.0,uk
webcatalog.io/en/apps/minichat,7.0,uk
webcatalog.io/en/apps/wiktionary,4.0,uk
webcatalog.io/en/apps/calendarpedia,13.0,uk
webcatalog.io/en/apps/filehippo,8.0,uk
webcatalog.io/en/apps/bbc-weather,18.0,uk
webcatalog.io/en/apps/youtube,26.0,uk
webcatalog.io/en/apps/flashscore,21.0,uk
webcatalog.io/en/apps/baidu-wangpan,11.0,uk
webcatalog.io/en/apps/soccerstand,6.0,uk
webcatalog.io/en/apps/123-reg,79.0,uk
webcatalog.io/en/apps/memrise,4.0,uk
webcatalog.io/en/apps/mybib,27.0,uk
webcatalog.io/en/apps/luckycrush,13.0,uk
webcatalog.io/en/apps/chatness-ai,1.0,uk
webcatalog.io/en/apps/all-4,52.0,uk
webcatalog.io/en/apps/pastelink-net,2.0,uk
webcatalog.io/en/apps/aruba-it-webmail,10.0,uk
webcatalog.io/en/apps/turbolearn-ai,10.0,uk
webcatalog.io/en/apps/clearscore,25.0,uk
webcatalog.io/en/apps/centrum-cz-mail,16.0,uk
webcatalog.io/en/apps/now-tv,29.0,uk
webcatalog.io/en/apps/monkeytype,73.0,uk
webcatalog.io/apps/squirt-org/alternatives,4.0,uk
webcatalog.io/en/apps/disboard,25.0,uk
webcatalog.io/en/apps/icloud-mail,19.0,uk
webcatalog.io/en/apps/ometv,14.0,uk
webcatalog.io/en/apps/webcam-toy,272.0,au
webcatalog.io/en/apps/gimy,255.0,au
webcatalog.io/apps/9now,216.0,au
webcatalog.io/en/apps/squirt-org,216.0,au
webcatalog.io/en/apps/telstra-media,191.0,au
webcatalog.io/en/apps/monkeytype,151.0,au
webcatalog.io/en/apps/forex-factory,124.0,au
webcatalog.io/en/apps/word-hippo,118.0,au
webcatalog.io/en/apps/time-buddy,100.0,au
webcatalog.io/apps/wisk,99.0,au
webcatalog.io/en/apps/chatblink,98.0,au
webcatalog.io/en/apps/my-family-cinema,79.0,au
webcatalog.io/en/apps/porsline/alternatives,78.0,au
webcatalog.io/en/apps/libero-mail/mobile,78.0,au
webcatalog.io/apps/toomics,72.0,au
webcatalog.io/en/apps/mybib,71.0,au
webcatalog.io/en/apps/astrodienst,61.0,au
webcatalog.io/en/apps/zalo,61.0,au
webcatalog.io/en/apps/crushonai,59.0,au
webcatalog.io/en/apps/filehippo,57.0,au
webcatalog.io/en/apps/baidu-wangpan,55.0,au
webcatalog.io/en/apps/u-gg,55.0,au
webcatalog.io/apps/united,52.0,au
webcatalog.io/en/apps/dex-screener,50.0,au
webcatalog.io/en/apps/loklok,50.0,au
webcatalog.io/en/apps/sonyliv,93.0,in
webcatalog.io/en/apps/forex-factory,372.0,in
webcatalog.io/en/apps/hotstar,18.0,in
webcatalog.io/en/apps/jiocinema,54.0,in
webcatalog.io/en/apps/filehippo,88.0,in
webcatalog.io/en/apps/typing-baba,159.0,in
webcatalog.io/en/apps/classplus,14.0,in
webcatalog.io/en/apps/oliveboard,9.0,in
webcatalog.io/en/apps/onlinegdb,9.0,in
webcatalog.io/en/apps/remini,6.0,in
webcatalog.io/en/apps/truecaller,17.0,in
webcatalog.io/en/apps/careerwill,18.0,in
webcatalog.io/en/apps/hostinger-webmail,54.0,in
webcatalog.io/en/apps/inflact,11.0,in
webcatalog.io/en/apps/sharedrop,12.0,in
webcatalog.io/en/apps/imresizer-in,9.0,in
webcatalog.io/en/apps/chatblink,16.0,in
webcatalog.io/en/apps/javatpoint,2.0,in
webcatalog.io/en/apps/kuaishou,31.0,in
webcatalog.io/en/apps/jiotv,3.0,in
webcatalog.io/en/apps/hitv,17.0,in
webcatalog.io/apps/cobalt-tools,9.0,in
webcatalog.io/apps/jiotv,7.0,in
webcatalog.io/en/apps/marks,4.0,in
webcatalog.io/en/apps/sejda,10.0,in
webcatalog.io/en/apps/uc-live,18.0,in
webcatalog.io/en/apps/filepursuit,48.0,in
webcatalog.io/en/apps/testbook,15.0,in
webcatalog.io/en/apps/shaalaa,105.0,in
webcatalog.io/en/apps/mangatoon,4.0,in
webcatalog.io/en/apps/free4talk,17.0,in
webcatalog.io/en/apps/sci-hub,12.0,in
webcatalog.io/apps/rg-vikramjeet/mobile,5.0,in
webcatalog.io/en/apps/pdf-drive,9.0,in
webcatalog.io/en/apps/smartkeeda/mobile,39.0,in
webcatalog.io/en/apps/shaadi,25.0,in
webcatalog.io/en/apps/wattpad,12.0,in
webcatalog.io/en/apps/bilibili-global,44.0,in
webcatalog.io/en/apps/labsmart,62.0,in
webcatalog.io/en/apps/bybit,2.0,in
webcatalog.io/en/apps/myntra,36.0,in
webcatalog.io/en/apps/mx-player,9.0,in
webcatalog.io/en/apps/keybr,12.0,in
webcatalog.io/en/apps/zerodha-kite,78.0,in
webcatalog.io/en/apps/goshare/mobile,4.0,in
webcatalog.io/en/apps/uptodown,6.0,in
webcatalog.io/en/apps/taptap/mobile,10.0,in
webcatalog.io/en/apps/chalkpad,18.0,in
webcatalog.io/en/apps/pi7-image-tool,10.0,in
webcatalog.io/en/apps/wetransfer,1.0,in
webcatalog.io/en/apps/teachmint,8.0,in
webcatalog.io/en/apps/coursera,34.0,in
webcatalog.io/en/apps/instagram,19.0,in
webcatalog.io/en/apps/youtube-studio,1.0,in
webcatalog.io/en/apps/snapdrop,33.0,in
webcatalog.io/en/apps/khatabook,17.0,in
webcatalog.io/en/apps/123apps,21.0,in
webcatalog.io/en/apps/neostox,13.0,in
webcatalog.io/en/apps/zee5,6.0,in
webcatalog.io/en/apps/wco-tv,11.0,in
webcatalog.io/en/apps/pdf-candy,4.0,in
webcatalog.io/en/apps/indeed,14.0,in
webcatalog.io/en/apps/crex,49.0,in
webcatalog.io/en/apps/mycamu,22.0,in
webcatalog.io/en/apps/tradex/mobile,31.0,in
webcatalog.io/en/apps/chatrandom,14.0,in
webcatalog.io/en/apps/glowroad,11.0,in
webcatalog.io/en/apps/a23,27.0,in
webcatalog.io/en/apps/croxy,6.0,in
webcatalog.io/en/apps/voot-kids,5.0,in
webcatalog.io/en/apps/indiamart-seller,11.0,in
webcatalog.io/en/apps/croxyproxy,39.0,in
webcatalog.io/en/apps/online2pdf,12.0,in
webcatalog.io/en/apps/subscene,20.0,in
webcatalog.io/en/apps/anime-planet,3.0,in
webcatalog.io/en/apps/betwinner,2.0,in
webcatalog.io/en/apps/programiz,5.0,in
webcatalog.io/en/apps/adda247,4.0,in
webcatalog.io/en/apps/hacker-typer,2.0,in
webcatalog.io/en/apps/physics-wallah,1.0,in
webcatalog.io/en/apps/exampur,13.0,in
webcatalog.io/en/apps/azar,26.0,in
webcatalog.io/en/apps/bigo-live,1.0,in
webcatalog.io/en/apps/xmobi,7.0,in
webcatalog.io/en/apps/netmovies,5.0,in
webcatalog.io/en/apps/eehhaaa,331.0,in
webcatalog.io/en/apps/ratatype,331.0,in
webcatalog.io/en/apps/yacine-tv,323.0,in
webcatalog.io/en/apps/housing-com,321.0,in
webcatalog.io/en/apps/groww,300.0,in
webcatalog.io/en/apps/nperf/mobile,294.0,in
webcatalog.io/en/apps/irctc-railways,294.0,in
webcatalog.io/en/apps/coinpayu,287.0,in
webcatalog.io/en/apps/9zx-sanka,286.0,in
webcatalog.io/en/apps/infinityfree,283.0,in
webcatalog.io/en/apps/hoichoi,280.0,in
webcatalog.io/en/apps/drishti,280.0,in
webcatalog.io/en/apps/u-dictionary-translator,277.0,in
webcatalog.io/en/apps/tv-garden,277.0,in
webcatalog.io/en/apps/entri,276.0,in
webcatalog.io/en/apps/time-buddy,275.0,in
webcatalog.io/en/apps/apna,266.0,in
webcatalog.io/en/apps/zzz-code-ai,266.0,in
webcatalog.io/en/apps/grindr,266.0,in
webcatalog.io/en/apps/freesoft-com,264.0,in
webcatalog.io/apps/cashkaro/mobile,263.0,in
webcatalog.io/en/apps/rg-vikramjeet,262.0,in
webcatalog.io/en/apps/gps-visualizer,261.0,in
webcatalog.io/apps/hotstar,259.0,in
webcatalog.io/en/apps/apkpure,256.0,in
webcatalog.io/en/apps/vudu,253.0,in
webcatalog.io/en/apps/twitterviewer-net,251.0,in
webcatalog.io/en/apps/appsgeyser,249.0,in
webcatalog.io/en/apps/opstra-defineedge,249.0,in
webcatalog.io/en/apps/diksha,248.0,in
webcatalog.io/en/apps/remini/mobile,247.0,in
webcatalog.io/en/apps/cobalt-tools,247.0,in
webcatalog.io/en/apps/airdroid,246.0,in
webcatalog.io/en/apps/moneycontrol,246.0,in
webcatalog.io/en/apps/botim,244.0,in
webcatalog.io/en/apps/fancode,242.0,in
webcatalog.io/en/apps/sankalp-bharat,242.0,in
webcatalog.io/en/apps/castly,242.0,in
webcatalog.io/en/apps/marrow,241.0,in
webcatalog.io/en/apps/imresizer,239.0,in
webcatalog.io/en/apps/geeksforgeeks,238.0,in
webcatalog.io/en/apps/keka,235.0,in
webcatalog.io/en/apps/icici-corporate,229.0,in
webcatalog.io/en/apps/crowd1,225.0,in
webcatalog.io/en/apps/kozikaza,225.0,in
webcatalog.io/en/apps/overleaf,224.0,in
webcatalog.io/en/apps/yidio,224.0,in
webcatalog.io/en/apps/ometv,224.0,in
webcatalog.io/en/apps/optimizilla,223.0,in
webcatalog.io/apps/nearbuy,222.0,in
webcatalog.io/en/apps/taptap,221.0,in
webcatalog.io/en/apps/allen-digital,220.0,in
webcatalog.io/en/apps/utkarsh,217.0,in
webcatalog.io/en/apps/quizrr,215.0,in
webcatalog.io/en/apps/zimyo,210.0,in
webcatalog.io/en/apps/magic-eraser,210.0,in
webcatalog.io/en/apps/planetromeo,210.0,in
webcatalog.io/apps/acko,209.0,in
webcatalog.io/en/apps/aha-video,204.0,in
webcatalog.io/en/apps/yt1s,204.0,in
webcatalog.io/en/apps/monkeytype,195.0,in
webcatalog.io/apps/zee5,189.0,in
webcatalog.io/en/apps/speechtexter,187.0,in
webcatalog.io/apps/manga-plus,181.0,in
webcatalog.io/en/apps/loklok,180.0,in
webcatalog.io/en/apps/justdial,179.0,in
webcatalog.io/en/apps/yandex-mail,177.0,in
webcatalog.io/en/apps/ysense,176.0,in
webcatalog.io/en/apps/sharechat,175.0,in
webcatalog.io/apps/fancode,175.0,in
webcatalog.io/en/apps/toppr-learning,174.0,in
webcatalog.io/en/apps/justwatch,172.0,in
webcatalog.io/en/apps/bilibili-comics,171.0,in
webcatalog.io/en/apps/payworld-retailer,171.0,in
webcatalog.io/en/apps/vmc-student,171.0,in
webcatalog.io/en/apps/doubtnut,170.0,in
webcatalog.io/apps/terabox,168.0,in
webcatalog.io/en/apps/paytm,163.0,in
webcatalog.io/en/apps/photopea,161.0,in
webcatalog.io/en/apps/meroshare,161.0,in
webcatalog.io/en/apps/rediffmail,155.0,in
webcatalog.io/en/apps/nojoto,155.0,in
webcatalog.io/en/apps/vclock,154.0,in
webcatalog.io/apps/genius,154.0,in
webcatalog.io/en/apps/ajio,153.0,in
webcatalog.io/en/apps/bidassist,152.0,in
webcatalog.io/en/apps/dingtalk,152.0,in
webcatalog.io/en/apps/edubrisk,151.0,in
webcatalog.io/en/apps/grok,150.0,in
webcatalog.io/en/apps/softpedia,150.0,in
webcatalog.io/en/apps/digilocker,150.0,in
webcatalog.io/apps/marks,149.0,in
webcatalog.io/apps/crex,148.0,in
webcatalog.io/apps/gofile,148.0,in
webcatalog.io/en/apps/skillsyncer,148.0,in
webcatalog.io/en/apps/flipkart-seller-hub,146.0,in
webcatalog.io/en/apps/namsogen,146.0,in
webcatalog.io/en/apps/soccerway,145.0,in
webcatalog.io/en/apps/capcut,143.0,in
webcatalog.io/en/apps/big-timer,142.0,in
webcatalog.io/id/apps/pixabay,6.0,id
webcatalog.io/id/apps/subscene,17.0,id
webcatalog.io/id/apps/yacine-tv,14.0,id
webcatalog.io/id/apps/justpaste-it,25.0,id
webcatalog.io/id/apps/mediafire,3.0,id
webcatalog.io/ja/apps/snaptik,1.0,jp
webcatalog.io/ja/apps/youdao-fanyi,26.0,jp
webcatalog.io/ja/apps/google-scholar,1.0,jp
webcatalog.io/ja/apps/op-gg,67.0,jp
webcatalog.io/ja/apps/flightradar24,7.0,jp
webcatalog.io/ja/apps/remini,20.0,jp
webcatalog.io/ja/apps/aol-mail,9.0,jp
webcatalog.io/ja/apps/qqmail,11.0,jp
webcatalog.io/ja/apps/aol,1.0,jp
webcatalog.io/ja/apps/meroshare,11.0,jp
webcatalog.io/ja/apps/apkpure,11.0,jp
webcatalog.io/ja/apps/hacker-typer,11.0,jp
webcatalog.io/ja/apps/steamdb,7.0,jp
webcatalog.io/ja/apps/zalo,3.0,jp
webcatalog.io/ja/apps/dafont,13.0,jp
webcatalog.io/ja/apps/crazy-games,23.0,jp
webcatalog.io/ja/apps/line-works,31.0,jp
webcatalog.io/ja/apps/yahoo-jp-calendar/alternatives,2.0,jp
webcatalog.io/ja/apps/pikpak/mobile,2.0,jp
webcatalog.io/ja/apps/gimy,4.0,jp
webcatalog.io/ja/apps/zcool,3.0,jp
webcatalog.io/ja/apps/reverso,24.0,jp
webcatalog.io/ja/apps/samsung-galaxy-store,7.0,jp
webcatalog.io/ja/apps/booth-pm,15.0,jp
webcatalog.io/ja/apps/google-finance,33.0,jp
webcatalog.io/ja/apps/facebook,2.0,jp
webcatalog.io/ja/apps/hoang-ha-mobile,12.0,jp
webcatalog.io/ja/apps/xe-currency,6.0,jp
webcatalog.io/ja/apps/flashscore,2.0,jp
webcatalog.io/ja/apps/girlschannel,1.0,jp
webcatalog.io/apps/yacine-tv/mobile,9.0,jp
webcatalog.io/ja/apps/ankiweb,6.0,jp
webcatalog.io/ja/apps/nitter,11.0,jp
webcatalog.io/ja/apps/icloud-find-my-iphone,5.0,jp
webcatalog.io/ja/apps/coinmarketcap,1.0,jp
webcatalog.io/ja/apps/spicychat-ai,9.0,jp
webcatalog.io/ja/apps/patreon,27.0,jp
webcatalog.io/ja/apps/youtube-studio,6.0,jp
webcatalog.io/ja/apps/qq-fanyi,8.0,jp
webcatalog.io/ja/apps/kinemaster,1.0,jp
webcatalog.io/ja/apps/ometv,23.0,jp
webcatalog.io/ja/apps/tver,1.0,jp
webcatalog.io/ja/apps/csdn,1.0,jp
webcatalog.io/ja/apps/gimkit,6.0,jp
webcatalog.io/ja/apps/omegle,3.0,jp
webcatalog.io/ja/apps/monkey,6.0,jp
webcatalog.io/ja/apps/playground-ai,2.0,jp
webcatalog.io/ja/apps/terraria-wiki,3.0,jp
webcatalog.io/ja/apps/rebtel,1.0,jp
webcatalog.io/apps/soccerway,2.0,jp
webcatalog.io/ja/apps/namuwiki,30.0,jp
webcatalog.io/ja/apps/timetree,2.0,jp
webcatalog.io/ja/apps/zing-news,12.0,jp
webcatalog.io/ja/apps/apple-developer/mobile,5.0,jp
webcatalog.io/ja/apps/picrew,2.0,jp
webcatalog.io/ja/apps/vagas,9.0,jp
webcatalog.io/ja/apps/downdetector,10.0,jp
webcatalog.io/ja/apps/piccoma,13.0,jp
webcatalog.io/ja/apps/163-mail,4.0,jp
webcatalog.io/ja/apps/magic-poser,5.0,jp
webcatalog.io/ja/apps/freeconvert,2.0,jp
webcatalog.io/ja/apps/odysee,2.0,jp
webcatalog.io/ja/apps/baidu-baijiahao,5.0,jp
webcatalog.io/ja/apps/mermaid-live-editor,1.0,jp
webcatalog.io/ja/apps/pimeyes,1.0,jp
webcatalog.io/ja/apps/open-lms,6.0,jp
webcatalog.io/ja/apps/disboard,17.0,jp
webcatalog.io/ja/apps/messenger,10.0,jp
webcatalog.io/ja/apps/protonmail,2.0,jp
webcatalog.io/ja/apps/metacritic,1.0,jp
webcatalog.io/ja/apps/czbooks-net,5.0,jp
webcatalog.io/ja/apps/kakaostory,5.0,jp
webcatalog.io/ja/apps/mathway,1.0,jp
webcatalog.io/ja/apps/finviz,9.0,jp
webcatalog.io/ja/apps/photopea,2.0,jp
webcatalog.io/ja/apps/google-contacts,11.0,jp
webcatalog.io/ja/apps/google-play-console,17.0,jp
webcatalog.io/ja/apps/ilovepdf,8.0,jp
webcatalog.io/ja/apps/mixcloud,4.0,jp
webcatalog.io/ja/apps/pdf-drive,2.0,jp
webcatalog.io/ja/apps/imvu,21.0,jp
webcatalog.io/ja/apps/icloud-mail,51.0,jp
webcatalog.io/ja/apps/yahoo-jp,8.0,jp
webcatalog.io/ja/apps/wetransfer,4.0,jp
webcatalog.io/ja/apps/truth-social,6.0,jp
webcatalog.io/ja/apps/microsoft-start,1.0,jp
webcatalog.io/ja/apps/cafef,2.0,jp
webcatalog.io/ja/apps/stationhead,2.0,jp
webcatalog.io/ja/apps/the-gateway-pundit,1.0,jp
webcatalog.io/ja/apps/propensity,2.0,jp
webcatalog.io/ja/apps/my-family-cinema,3.0,jp
webcatalog.io/apps/qq-fanyi,3.0,jp
webcatalog.io/ja/apps/desmos-calculator,3.0,jp
webcatalog.io/ja/apps/blockbench,1.0,jp
webcatalog.io/ja/apps/toptool,2.0,jp
webcatalog.io/ja/apps/fastmail,18.0,jp
webcatalog.io/ja/apps/i-love-pdf-2,10.0,jp
webcatalog.io/ja/apps/google-family-link,2.0,jp
webcatalog.io/ja/apps/coomeet,3.0,jp
webcatalog.io/ja/apps/amazon-a-to-z,59.0,jp
webcatalog.io/ja/apps/overleaf,58.0,jp
webcatalog.io/ja/apps/hupu,58.0,jp
webcatalog.io/ja/apps/crypto-bubbles,57.0,jp
webcatalog.io/ja/apps/goo-map,57.0,jp
webcatalog.io/ja/apps/mp3juice,57.0,jp
webcatalog.io/ja/apps/apkmirror,57.0,jp
webcatalog.io/ja/apps/google-keep,56.0,jp
webcatalog.io/ja/apps/amazon-cn,55.0,jp
webcatalog.io/ja/apps/v2ex,54.0,jp
webcatalog.io/ja/apps/softonic,54.0,jp
webcatalog.io/ja/apps/blackbox,54.0,jp
webcatalog.io/ja/apps/mindmeister,53.0,jp
webcatalog.io/ja/apps/yaytext,52.0,jp
webcatalog.io/ja/apps/zeemo,52.0,jp
webcatalog.io/ja/apps/subscene,51.0,jp
webcatalog.io/ja/apps/speechnotes,51.0,jp
webcatalog.io/ja/apps/microsoft-form,50.0,jp
webcatalog.io/es/apps/g2g,2.0,mx
webcatalog.io/es/apps/scribbr,993.0,mx
webcatalog.io/apps/photocall-tv,664.0,mx
webcatalog.io/es/apps/pretty-scale,630.0,mx
webcatalog.io/es/apps/fast,524.0,mx
webcatalog.io/es/apps/mathway,444.0,mx
webcatalog.io/en/apps/playmods,430.0,mx
webcatalog.io/en/apps/snapdrop,416.0,mx
webcatalog.io/es/apps/kbh-games,398.0,mx
webcatalog.io/en/apps/onlinegdb,309.0,mx
webcatalog.io/es/apps/campus-virtual-uveg,290.0,mx
webcatalog.io/es/apps/symbolab/mobile,270.0,mx
webcatalog.io/es/apps/gamma,262.0,mx
webcatalog.io/es/apps/slidesgo,247.0,mx
webcatalog.io/es/apps/makercase,246.0,mx
webcatalog.io/es/apps/suno-ai,243.0,mx
webcatalog.io/es/apps/radio-garden/mobile,240.0,mx
webcatalog.io/es/apps/manhunt,226.0,mx
webcatalog.io/es/apps/webmii,224.0,mx
webcatalog.io/es/apps/character-ai/mobile,206.0,mx
webcatalog.io/es/apps/aternos,198.0,mx
webcatalog.io/es/apps/spicychat-ai,188.0,mx
webcatalog.io/es/apps/charstar/mobile,177.0,mx
webcatalog.io/es/apps/twitterviewer-net,176.0,mx
webcatalog.io/en/apps/sharedrop,174.0,mx
webcatalog.io/es/apps/dirpy,162.0,mx
webcatalog.io/en/apps/soccerway,162.0,mx
webcatalog.io/en/apps/starbyface/mobile,160.0,mx
webcatalog.io/es/apps/getfvid,143.0,mx
webcatalog.io/en/apps/ezgif,128.0,mx
webcatalog.io/es/apps/flightaware/mobile,122.0,mx
webcatalog.io/en/apps/kits-ai,112.0,mx
webcatalog.io/es/apps/icloud-find-my-iphone/mobile,108.0,mx
webcatalog.io/es/apps/renderz/mobile,108.0,mx
webcatalog.io/es/apps/catbox,106.0,mx
webcatalog.io/es/apps/google-play,101.0,mx
webcatalog.io/es/apps/linkbox,99.0,mx
webcatalog.io/es/apps/webmii/mobile,98.0,mx
webcatalog.io/es/apps/vvvvid,90.0,mx
webcatalog.io/es/apps/cpf-generator,90.0,mx
webcatalog.io/apps/rackspace,89.0,mx
webcatalog.io/es/apps/icloud-mail,87.0,mx
webcatalog.io/es/apps/nitter,85.0,mx
webcatalog.io/en/apps/mp3juice,85.0,mx
webcatalog.io/es/apps/alternativeto,83.0,mx
webcatalog.io/es/apps/pdfescape,82.0,mx
webcatalog.io/es/apps/grindr,81.0,mx
webcatalog.io/es/apps/transfernow,80.0,mx
webcatalog.io/es/apps/bigjpg,76.0,mx
webcatalog.io/es/apps/noun-project,72.0,mx
webcatalog.io/es/apps/lyricstraining,70.0,mx
webcatalog.io/es/apps/yaytext,69.0,mx
webcatalog.io/es/apps/neal-fun,66.0,mx
webcatalog.io/es/apps/img2go-com,66.0,mx
webcatalog.io/es/apps/blocket,64.0,mx
webcatalog.io/es/apps/blue-to-go,62.0,mx
webcatalog.io/es/apps/creator-studio,62.0,mx
webcatalog.io/es/apps/shein,62.0,mx
webcatalog.io/es/apps/movidy,61.0,mx
webcatalog.io/es/apps/iloveimg,60.0,mx
webcatalog.io/es/apps/liveworksheets,59.0,mx
webcatalog.io/es/apps/icloud-photos/mobile,59.0,mx
webcatalog.io/es/apps/thunkable,58.0,mx
webcatalog.io/es/apps/magic-poser,54.0,mx
webcatalog.io/es/apps/grabcad,52.0,mx
webcatalog.io/es/apps/my-family-cinema,52.0,mx
webcatalog.io/es/apps/grindr/alternatives,51.0,mx
webcatalog.io/es/apps/manhunt/mobile,51.0,mx
webcatalog.io/es/apps/x-minus,50.0,mx
webcatalog.io/es/apps/woord,50.0,mx
webcatalog.io/tr/apps/ghostegro,13.0,tr
webcatalog.io/tr/apps/steamdb,23.0,tr
webcatalog.io/tr/apps/savefrom,22.0,tr
webcatalog.io/tr/apps/sahibinden-com,1.0,tr
webcatalog.io/tr/apps/tv-garden,2.0,tr
webcatalog.io/tr/apps/tubidy/mobile,25.0,tr
webcatalog.io/tr/apps/hornet,9.0,tr
webcatalog.io/tr/apps/webcam-toy,2.0,tr
webcatalog.io/en/apps/yacine-tv,25.0,tr
webcatalog.io/tr/apps/aternos,2.0,tr
webcatalog.io/en/apps/sharedrop,5.0,tr
webcatalog.io/tr/apps/gamma,4.0,tr
webcatalog.io/tr/apps/arasana/mobile,4.0,tr
webcatalog.io/tr/apps/twitter-viewer-io,4.0,tr
webcatalog.io/tr/apps/smallpdf,33.0,tr
webcatalog.io/tr/apps/yandex-translate,3.0,tr
webcatalog.io/apps/wetransfer,3.0,tr
webcatalog.io/apps/ghostegro,9.0,tr
webcatalog.io/tr/apps/microsoft-word,15.0,tr
webcatalog.io/tr/apps/i-love-pdf-2,1.0,tr
webcatalog.io/tr/apps/speechtexter,9.0,tr
webcatalog.io/tr/apps/wattpad,1.0,tr
webcatalog.io/en/apps/playmods,1.0,tr
webcatalog.io/en/apps/snapdrop,6.0,tr
webcatalog.io/tr/apps/kick-com,10.0,tr
webcatalog.io/tr/apps/dosya-co,1.0,tr
webcatalog.io/en/apps/touchbasepro,20.0,tr
webcatalog.io/tr/apps/icloud-find-my-iphone,7.0,tr
webcatalog.io/tr/apps/sejda,2.0,tr
webcatalog.io/en/apps/chatblink,2.0,tr
webcatalog.io/tr/apps/picrew,3.0,tr
webcatalog.io/tr/apps/globe-explorer,12.0,tr
webcatalog.io/tr/apps/badoo,18.0,tr
webcatalog.io/tr/apps/chatroulette,31.0,tr
webcatalog.io/tr/apps/instagram,2.0,tr
webcatalog.io/tr/apps/curseforge,3.0,tr
webcatalog.io/en/apps/hacker-typer,11.0,tr
webcatalog.io/tr/apps/mediamarkt-gr,4.0,tr
webcatalog.io/tr/apps/convertio,4.0,tr
webcatalog.io/tr/apps/eduforfun,11.0,tr
webcatalog.io/tr/apps/simsimi,4.0,tr
webcatalog.io/en/apps/cleanup-pictures,5.0,tr
webcatalog.io/tr/apps/pdf-candy,2.0,tr
webcatalog.io/tr/apps/iloveimg,22.0,tr
webcatalog.io/tr/apps/microsoft-powerpoint,6.0,tr
webcatalog.io/tr/apps/betterme,4.0,tr
webcatalog.io/tr/apps/snaptik/mobile,32.0,tr
webcatalog.io/tr/apps/tv,3.0,tr
webcatalog.io/tr/apps/gleeden/mobile,2.0,tr
webcatalog.io/tr/apps/call-annie,8.0,tr
webcatalog.io/tr/apps/deep-nostalgia-ai,4.0,tr
webcatalog.io/tr/apps/ninite-pro,2.0,tr
webcatalog.io/tr/apps/centrum-cz-mail,18.0,tr
webcatalog.io/tr/apps/youtube,29.0,tr
webcatalog.io/tr/apps/azar/mobile,4.0,tr
webcatalog.io/tr/apps/shopier,2.0,tr
webcatalog.io/tr/apps/tod,8.0,tr
webcatalog.io/tr/apps/yandex-admin,1.0,tr
webcatalog.io/tr/apps/zefo,1.0,tr
webcatalog.io/tr/apps/godmodetrader,4.0,tr
webcatalog.io/tr/apps/gmx,2.0,tr
webcatalog.io/tr/apps/pastelink-net,2.0,tr
webcatalog.io/en/apps/namsogen,3.0,tr
webcatalog.io/tr/apps/fandom,12.0,tr
webcatalog.io/tr/apps/pdf24,2.0,tr
webcatalog.io/tr/apps/distrowatch,2.0,tr
webcatalog.io/tr/apps/onlinegdb,1.0,tr
webcatalog.io/tr/apps/renderz/mobile,1.0,tr
webcatalog.io/en/apps/mixkit,3.0,tr
webcatalog.io/en/apps/dartpad,8.0,tr
webcatalog.io/en/apps/onlinegdb,9.0,tr
webcatalog.io/tr/apps/puhutv,9.0,tr
webcatalog.io/pl/apps/kozikaza,1.0,pl
webcatalog.io/pl/apps/gismeteo/mobile,827.0,pl
webcatalog.io/pl/apps/chati,721.0,pl
webcatalog.io/pl/apps/hacker-typer,691.0,pl
webcatalog.io/pl/apps/ogladaj-anime,667.0,pl
webcatalog.io/pl/apps/steamdb,664.0,pl
webcatalog.io/en/apps/steamdb,649.0,pl
webcatalog.io/pl/apps/webcam-toy,643.0,pl
webcatalog.io/pl/apps/meteoblue/mobile,613.0,pl
webcatalog.io/pl/apps/mp3juice,510.0,pl
webcatalog.io/pl/apps/ibispaint,420.0,pl
webcatalog.io/pl/apps/mediafire,367.0,pl
webcatalog.io/pl/apps/swisstransfer,362.0,pl
webcatalog.io/pl/apps/gg-deals,347.0,pl
webcatalog.io/pl/apps/edunect,333.0,pl
webcatalog.io/pl/apps/fellow-pl/mobile,288.0,pl
webcatalog.io/apps/soccerway,272.0,pl
webcatalog.io/pl/apps/microsoft-word,270.0,pl
webcatalog.io/pl/apps/microsoft-outlook,256.0,pl
webcatalog.io/pl/apps/grindr/alternatives,239.0,pl
webcatalog.io/pl/apps/planet-minecraft,224.0,pl
webcatalog.io/pl/apps/reverso-context,192.0,pl
webcatalog.io/en/apps/flightradar24,171.0,pl
webcatalog.io/en/apps/tunebat,171.0,pl
webcatalog.io/pl/apps/microsoft-excel,162.0,pl
webcatalog.io/pl/apps/whereby,160.0,pl
webcatalog.io/pl/apps/google-classroom,151.0,pl
webcatalog.io/pl/apps/monkey,148.0,pl
webcatalog.io/pl/apps/radio-garden/mobile,147.0,pl
webcatalog.io/pl/apps/wattpad/mobile,132.0,pl
webcatalog.io/pl/apps/cyberchef,130.0,pl
webcatalog.io/en/apps/ometv,130.0,pl
webcatalog.io/pl/apps/mycanal,128.0,pl
webcatalog.io/pl/apps/google-forms,121.0,pl
webcatalog.io/pl/apps/idroo,120.0,pl
webcatalog.io/pl/apps/galatea,118.0,pl
webcatalog.io/pl/apps/transfernow,115.0,pl
webcatalog.io/pl/apps/chatrandom/mobile,114.0,pl
webcatalog.io/pl/apps/ankiweb,110.0,pl
webcatalog.io/pl/apps/suno-ai,109.0,pl
webcatalog.io/pl/apps/gismeteo-by,108.0,pl
webcatalog.io/pl/apps/pdf-drive,108.0,pl
webcatalog.io/pl/apps/bigo-live/mobile,108.0,pl
webcatalog.io/pl/apps/convertio,107.0,pl
webcatalog.io/pl/apps/i-love-pdf-2,89.0,pl
webcatalog.io/apps/steamdb,89.0,pl
webcatalog.io/pl/apps/max,88.0,pl
webcatalog.io/pl/apps/ko-fi,87.0,pl
webcatalog.io/pl/apps/tapatalk,87.0,pl
webcatalog.io/pl/apps/nitter,86.0,pl
webcatalog.io/pl/apps/online-mp3-cutter,85.0,pl
webcatalog.io/pl/apps/otomoto,84.0,pl
webcatalog.io/pl/apps/kbh-games,84.0,pl
webcatalog.io/ja/apps/picrew,81.0,pl
webcatalog.io/en/apps/forex-factory,81.0,pl
webcatalog.io/en/apps/procyclingstats,81.0,pl
webcatalog.io/pl/apps/idealista,79.0,pl
webcatalog.io/en/apps/soccerstand,79.0,pl
webcatalog.io/pl/apps/weather-spark,77.0,pl
webcatalog.io/pl/apps/tinypng,77.0,pl
webcatalog.io/pl/apps/grindr,73.0,pl
webcatalog.io/pl/apps/g2a,70.0,pl
webcatalog.io/pl/apps/savefrom,68.0,pl
webcatalog.io/pl/apps/aternos,67.0,pl
webcatalog.io/pl/apps/microsoft-powerpoint,67.0,pl
webcatalog.io/pl/apps/google-family-link,66.0,pl
webcatalog.io/ru/apps/kaufland,64.0,pl
webcatalog.io/pl/apps/fellow-pl,64.0,pl
webcatalog.io/pl/apps/twitter,64.0,pl
webcatalog.io/en/apps/starbyface/mobile,64.0,pl
webcatalog.io/pl/apps/speechtexter,62.0,pl
webcatalog.io/pl/apps/miss-auto,61.0,pl
webcatalog.io/en/apps/cleanup-pictures,60.0,pl
webcatalog.io/pl/apps/coomeet,60.0,pl
webcatalog.io/pl/apps/xstation-5,59.0,pl
webcatalog.io/en/apps/worldometers,57.0,pl
webcatalog.io/pl/apps/candy-ai,57.0,pl
webcatalog.io/pl/apps/mail-ru,55.0,pl
webcatalog.io/pl/apps/wingdings-translator,54.0,pl
webcatalog.io/pl/apps/edupage,54.0,pl
webcatalog.io/pl/apps/distrowatch,50.0,pl
webcatalog.io/en/apps/cpu-monkey,50.0,pl
webcatalog.io/vi/apps/tyt,2.0,vn
webcatalog.io/vi/apps/aternos,735.0,vn
webcatalog.io/vi/apps/outplay,694.0,vn
webcatalog.io/vi/apps/wheel-of-names,669.0,vn
webcatalog.io/vi/apps/lezhin-comics,478.0,vn
webcatalog.io/vi/apps/awin,454.0,vn
webcatalog.io/vi/apps/zoom,403.0,vn
webcatalog.io/vi/apps/qooapp,363.0,vn
webcatalog.io/vi/apps/mangatoon,363.0,vn
webcatalog.io/vi/apps/hent,356.0,vn
webcatalog.io/vi/apps/viettel-store,327.0,vn
webcatalog.io/vi/apps/atrungroi-com,287.0,vn
webcatalog.io/vi/apps/neal-fun,277.0,vn
webcatalog.io/vi/apps/moralis,272.0,vn
webcatalog.io/vi/apps/dailydictation,264.0,vn
webcatalog.io/vi/apps/redfinger,254.0,vn
webcatalog.io/vi/apps/laban-vn,238.0,vn
webcatalog.io/vi/apps/nhaccuatui,223.0,vn
webcatalog.io/vi/apps/viettel-mail,222.0,vn
webcatalog.io/vi/apps/pixabay,220.0,vn
webcatalog.io/vi/apps/fpt-chat,216.0,vn
webcatalog.io/en/apps/dirpy,216.0,vn
webcatalog.io/vi/apps/aiseo,209.0,vn
webcatalog.io/vi/apps/nicegram,207.0,vn
webcatalog.io/vi/apps/myxteam,207.0,vn
webcatalog.io/vi/apps/moveek,205.0,vn
webcatalog.io/vi/apps/thi-vien,203.0,vn
webcatalog.io/vi/apps/remini,202.0,vn
webcatalog.io/vi/apps/i-love-pdf-2,184.0,vn
webcatalog.io/vi/apps/convertio,181.0,vn
webcatalog.io/en/apps/astrodienst,176.0,vn
webcatalog.io/vi/apps/vndoc,172.0,vn
webcatalog.io/vi/apps/mediamarkt-de,171.0,vn
webcatalog.io/vi/apps/coomeet,166.0,vn
webcatalog.io/vi/apps/icloud-find-my-iphone,163.0,vn
webcatalog.io/vi/apps/whoer,162.0,vn
webcatalog.io/vi/apps/edmodo,153.0,vn
webcatalog.io/vi/apps/bing-chat,147.0,vn
webcatalog.io/vi/apps/yaytext,145.0,vn
webcatalog.io/vi/apps/free4talk,145.0,vn
webcatalog.io/vi/apps/liner,145.0,vn
webcatalog.io/vi/apps/myfonts,141.0,vn
webcatalog.io/en/apps/ankiweb,130.0,vn
webcatalog.io/vi/apps/kbh-games,124.0,vn
webcatalog.io/vi/apps/gimy,123.0,vn
webcatalog.io/vi/apps/bilibili-global,122.0,vn
webcatalog.io/apps/steamdb,118.0,vn
webcatalog.io/vi/apps/laban-dictionary,115.0,vn
webcatalog.io/vi/apps/microsoft-bing,113.0,vn
webcatalog.io/vi/apps/mcpedl-com,111.0,vn
webcatalog.io/en/apps/snapdrop,110.0,vn
webcatalog.io/vi/apps/poe,105.0,vn
webcatalog.io/vi/apps/mathway,104.0,vn
webcatalog.io/vi/apps/pancake-pos,102.0,vn
webcatalog.io/vi/apps/baidu-fanyi-pro,100.0,vn
webcatalog.io/vi/apps/webcam-toy,100.0,vn
webcatalog.io/vi/apps/lets-enhance,99.0,vn
webcatalog.io/vi/apps/coinpayu,95.0,vn
webcatalog.io/vi/apps/wikimapia,95.0,vn
webcatalog.io/vi/apps/getfvid,93.0,vn
webcatalog.io/vi/apps/haraworks,92.0,vn
webcatalog.io/en/apps/tunebat,91.0,vn
webcatalog.io/vi/apps/smailpro,91.0,vn
webcatalog.io/vi/apps/hatchful,89.0,vn
webcatalog.io/vi/apps/zalo-ai,87.0,vn
webcatalog.io/vi/apps/polyai,84.0,vn
webcatalog.io/vi/apps/pretty-scale,82.0,vn
webcatalog.io/vi/apps/thenextvoz,80.0,vn
webcatalog.io/vi/apps/betwinner,80.0,vn
webcatalog.io/vi/apps/wov,79.0,vn
webcatalog.io/vi/apps/squoosh,79.0,vn
webcatalog.io/vi/apps/zefo,79.0,vn
webcatalog.io/en/apps/games-to-learn-english,71.0,vn
webcatalog.io/vi/apps/kinemaster,70.0,vn
webcatalog.io/en/apps/photopea,70.0,vn
webcatalog.io/vi/apps/chat-voi-nguoi-la,69.0,vn
webcatalog.io/vi/apps/weibo,68.0,vn
webcatalog.io/en/apps/forex-factory,67.0,vn
webcatalog.io/vi/apps/4english,67.0,vn
webcatalog.io/vi/apps/anotepad,67.0,vn
webcatalog.io/vi/apps/what-font-is,66.0,vn
webcatalog.io/vi/apps/smodin,64.0,vn
webcatalog.io/en/apps/autodraw,63.0,vn
webcatalog.io/vi/apps/vn-zoom,62.0,vn
webcatalog.io/vi/apps/elevent,62.0,vn
webcatalog.io/vi/apps/dupli-checker,61.0,vn
webcatalog.io/zh-CN/apps/baidu-fanyi,61.0,vn
webcatalog.io/vi/apps/hitv,61.0,vn
webcatalog.io/en/apps/ifreeicloud,61.0,vn
webcatalog.io/vi/apps/curseforge,60.0,vn
webcatalog.io/apps/gauthmath,59.0,vn
webcatalog.io/vi/apps/azar/mobile,59.0,vn
webcatalog.io/vi/apps/mediafire,58.0,vn
webcatalog.io/vi/apps/sharecode-vn,57.0,vn
webcatalog.io/vi/apps/naver-papago,57.0,vn
webcatalog.io/vi/apps/seatalk,56.0,vn
webcatalog.io/vi/apps/baidu-hao123,56.0,vn
webcatalog.io/vi/apps/humanize-ai-text,55.0,vn
webcatalog.io/en/apps/character-ai,55.0,vn
webcatalog.io/vi/apps/microsoft-teams,55.0,vn
webcatalog.io/vi/apps/fod,54.0,vn
webcatalog.io/vi/apps/ibispaint,53.0,vn
webcatalog.io/vi/apps/iloveimg,52.0,vn
webcatalog.io/vi/apps/gateio/mobile,52.0,vn
webcatalog.io/vi/apps/keepvid,51.0,vn
webcatalog.io/vi/apps/random-tarot-card,50.0,vn
webcatalog.io/en/apps/webcam-toy,13.0,ph
webcatalog.io/apps/webcam-toy,84.0,ph
webcatalog.io/en/apps/gcash,366.0,ph
webcatalog.io/en/apps/lazada-ph,292.0,ph
webcatalog.io/en/apps/codechum,253.0,ph
webcatalog.io/en/apps/onlinegdb,208.0,ph
webcatalog.io/en/apps/vclock,207.0,ph
webcatalog.io/en/apps/shopee,199.0,ph
webcatalog.io/th/apps/snaptik,8.0,th
webcatalog.io/th/apps/sbobet,10.0,th
webcatalog.io/th/apps/microsoft-outlook,14.0,th
webcatalog.io/th/apps/google-drive,3.0,th
webcatalog.io/th/apps/ilovepdf,14.0,th
webcatalog.io/th/apps/vk,8.0,th
webcatalog.io/en/apps/forex-factory,2.0,th
webcatalog.io/th/apps/webcam-toy,1.0,th
webcatalog.io/en/apps/sharedrop,20.0,th
webcatalog.io/nl/apps/yahoo-mail,12.0,be
webcatalog.io/apps/ebay-be/mobile,9.0,be
webcatalog.io/apps/libero-mail,4.0,be
webcatalog.io/en/apps/libero-mail,2.0,be
webcatalog.io/nl/apps/reverso-context,16.0,be
webcatalog.io/en/apps/kozikaza,3.0,be
webcatalog.io/nl/apps/u-gg,1.0,be
webcatalog.io/nl/apps/back-market,7.0,be
webcatalog.io/nl/apps/deepl-translate,7.0,be
webcatalog.io/nl/apps/vinted-be,11.0,be
webcatalog.io/nl/apps/arte-tv,21.0,be
webcatalog.io/en/apps/google-notebooklm,3.0,be
webcatalog.io/zh-TW/apps/gimy,18.0,tw
webcatalog.io/zh-TW/apps/op-gg,3.0,tw
webcatalog.io/zh-TW/apps/baidu-fanyi,5.0,tw
webcatalog.io/zh-TW/apps/snaptik/mobile,3.0,tw
webcatalog.io/zh-TW/apps/timetree,6.0,tw
webcatalog.io/zh-TW/apps/microsoft-onedrive,24.0,tw
webcatalog.io/ko/apps/dak-gg/mobile,1.0,tw
webcatalog.io/en/apps/onlinegdb,2.0,tw
webcatalog.io/zh-TW/apps/lofter,4.0,tw
webcatalog.io/zh-TW/apps/hornet,4.0,tw
webcatalog.io/es/apps/semalt,1.0,ar
webcatalog.io/es/apps/chatrandom/mobile,5.0,ar
webcatalog.io/es/apps/webcam-toy,11.0,ar
webcatalog.io/es/apps/manhunt,13.0,ar
webcatalog.io/es/apps/starbyface/mobile,2.0,ar
webcatalog.io/es/apps/pretty-scale,4.0,ar
webcatalog.io/es/apps/symbolab/mobile,3.0,ar
webcatalog.io/es/apps/spicychat-ai,1.0,ar
webcatalog.io/en/apps/steamdb,3.0,ar
webcatalog.io/es/apps/tiermaker,2.0,ar
webcatalog.io/es/apps/instasize,3.0,ar
webcatalog.io/en/apps/webnovel,1.0,ar
webcatalog.io/es/apps/kbh-games,9.0,ar
webcatalog.io/es/apps/renderz/mobile,1.0,ar
webcatalog.io/es/apps/zeplin,2.0,ar
webcatalog.io/en/apps/wetransfer,3.0,ar
webcatalog.io/es/apps/v0,2.0,ar
webcatalog.io/es/apps/songtell,1.0,ar
webcatalog.io/es/apps/whiteboard-fox,2.0,ar
webcatalog.io/en/apps/sharedrop,1.0,ar
webcatalog.io/es/apps/grindr/alternatives,10.0,ar
webcatalog.io/es/apps/soccerway,2.0,ar
webcatalog.io/es/apps/movidy,4.0,ar
webcatalog.io/apps/gimy,5.0,hk
webcatalog.io/zh-TW/apps/qq-docs,6.0,hk
webcatalog.io/zh-TW/apps/baidu-fanyi,22.0,hk
webcatalog.io/en/apps/steamdb,2.0,hk
webcatalog.io/zh-CN/apps/gimy,4.0,hk
webcatalog.io/zh-CN/apps/czbooks-net,1.0,hk
webcatalog.io/apps/baidu-wangpan,4.0,hk
webcatalog.io/en/apps/webcam-toy,2.0,hk
webcatalog.io/zh-CN/apps/baidu-map,8.0,hk
webcatalog.io/zh-TW/apps/amap,9.0,hk
webcatalog.io/apps/mediamarkt-se,210.0,se
webcatalog.io/sv/apps/tv-garden,182.0,se
webcatalog.io/sv/apps/microsoft-teams,139.0,se
webcatalog.io/sv/apps/hacker-typer,108.0,se
webcatalog.io/sv/apps/zangi/mobile,87.0,se
webcatalog.io/apps/flightradar24,66.0,se
webcatalog.io/en/apps/steamdb,64.0,se
webcatalog.io/en/apps/soccerway,56.0,se
webcatalog.io/en/apps/jazzcash,83.0,pk
webcatalog.io/en/apps/crex,10.0,pk
webcatalog.io/en/apps/filehippo,7.0,pk
webcatalog.io/en/apps/wattpad,5.0,pk
webcatalog.io/en/apps/forex-factory,7.0,pk
webcatalog.io/en/apps/google-find-my-device,4.0,pk
webcatalog.io/en/apps/youtube-studio,19.0,pk
webcatalog.io/en/apps/sharedrop,2.0,pk
webcatalog.io/en/apps/daraz,24.0,pk
webcatalog.io/en/apps/hitv,1.0,pk
webcatalog.io/uk/apps/character-ai,976.0,ua
webcatalog.io/uk/apps/soccerstand,594.0,ua
webcatalog.io/uk/apps/webcam-toy,467.0,ua
webcatalog.io/uk/apps/microsoft-powerpoint,460.0,ua
webcatalog.io/uk/apps/aternos,447.0,ua
webcatalog.io/uk/apps/avito,440.0,ua
webcatalog.io/uk/apps/icloud,407.0,ua
webcatalog.io/uk/apps/replit,330.0,ua
webcatalog.io/uk/apps/coomeet,327.0,ua
webcatalog.io/uk/apps/reverso-context,247.0,ua
webcatalog.io/uk/apps/coomeet,104.0,kr
webcatalog.io/uk/apps/spaces,17.0,kr
webcatalog.io/uk/apps/tinder,0.3,kr
webcatalog.io/uk/apps/x-minus,0.27,kr
webcatalog.io/uk/apps/microsoft-teams,0.21,kr
webcatalog.io/uk/apps/avito,0.36,kr
webcatalog.io/ru/apps/spaces,0.36,kr
webcatalog.io/uk/apps/aternos,0.13,kr
webcatalog.io/uk/apps/classtime,0.27,kr
webcatalog.io/uk/apps/microsoft-word,0.3,kr
webcatalog.io/en/apps/dstv-now,90.0,za
webcatalog.io/en/apps/flashscore,573.0,za
webcatalog.io/en/apps/my-family-cinema,522.0,za
webcatalog.io/en/apps/soccerway,344.0,za
webcatalog.io/apps/crowd1,212.0,za
webcatalog.io/en/apps/sabc-plus,162.0,za
webcatalog.io/en/apps/pdf-drive,156.0,za
webcatalog.io/en/apps/forex-factory,149.0,za
webcatalog.io/en/apps/evod,121.0,za
webcatalog.io/da/apps/vesselfinder,424.0,dk
webcatalog.io/da/apps/minlaering,398.0,dk
webcatalog.io/da/apps/hacker-typer,283.0,dk
webcatalog.io/da/apps/flashscore,99.0,dk
webcatalog.io/da/apps/icloud-mail,52.0,dk
webcatalog.io/da/apps/promiedos,50.0,dk
webcatalog.io/en/apps/gimy,508.0,sg
webcatalog.io/en/apps/webcam-toy,331.0,sg
webcatalog.io/en/apps/soccerway,198.0,sg
webcatalog.io/en/apps/forex-factory,162.0,sg
webcatalog.io/en/apps/sfile-mobi,132.0,sg
webcatalog.io/en/apps/baidu-wangpan,87.0,sg
webcatalog.io/en/apps/rediffmail,61.0,sg
webcatalog.io/en/apps/trademe-nz,359.0,nz
webcatalog.io/en/apps/squirt-org,78.0,nz
webcatalog.io/es/apps/semalt,660.0,cl
webcatalog.io/es/apps/soccerway,330.0,cl
webcatalog.io/es/apps/pretty-scale,216.0,cl
webcatalog.io/es/apps/kbh-games,214.0,cl
webcatalog.io/es/apps/pictory-ai,202.0,cl
webcatalog.io/es/apps/aternos,166.0,cl
webcatalog.io/es/apps/ilovepdf,110.0,cl
webcatalog.io/es/apps/vlr-gg,108.0,cl
webcatalog.io/es/apps/starbyface/mobile,95.0,cl
webcatalog.io/es/apps/webcam-toy,92.0,cl
webcatalog.io/de/apps/gleeden,302.0,ch
webcatalog.io/de/apps/viamichelin,254.0,ch
webcatalog.io/de/apps/linguee,252.0,ch
webcatalog.io/de/apps/flaticon,177.0,ch
webcatalog.io/apps/kozikaza,168.0,ch
webcatalog.io/de/apps/crazy-games,135.0,ch
webcatalog.io/de/apps/swisssalary-easyrapport,122.0,ch
webcatalog.io/de/apps/homegate-ch,119.0,ch
webcatalog.io/de/apps/sapo-mail,97.0,ch
webcatalog.io/de/apps/deepl-translate,54.0,ch
webcatalog.io/en/apps/meroshare,4.0,ae
webcatalog.io/apps/alef-education,9.0,ae
webcatalog.io/en/apps/rediffmail,5.0,ae
webcatalog.io/en/apps/crex,1.0,ae
webcatalog.io/apps/meroshare,3.0,ae
webcatalog.io/en/apps/filehippo,2.0,ae
webcatalog.io/en/apps/webcam-toy,2.0,ae
webcatalog.io/en/apps/forex-factory,9.0,ae
webcatalog.io/apps/mohre,4.0,ae
webcatalog.io/apps/botim,10.0,ae
webcatalog.io/pt/apps/zippyshare,1.0,pt
webcatalog.io/pt/apps/flvto-click,2.0,pt
webcatalog.io/pt/apps/n12,3.0,pt
webcatalog.io/pt/apps/sapo-mail,10.0,pt
webcatalog.io/pt/apps/photocall-tv,2.0,pt
webcatalog.io/pt/apps/kozikaza,1.0,pt
webcatalog.io/pt/apps/meo-go,10.0,pt
webcatalog.io/en/apps/wetransfer,4.0,pt
webcatalog.io/en/apps/pdf-drive,1.0,pt
webcatalog.io/apps/procyclingstats,1.0,pt
webcatalog.io/de/apps/centrum-cz-mail,357.0,at
webcatalog.io/de/apps/hacker-typer,186.0,at
webcatalog.io/de/apps/linguee,133.0,at
webcatalog.io/de/apps/ionos-webmail,93.0,at
webcatalog.io/de/apps/studydrive,81.0,at
webcatalog.io/en/apps/planetromeo,70.0,at
webcatalog.io/apps/planetromeo,63.0,at
webcatalog.io/de/apps/instant-gaming,52.0,at
webcatalog.io/apps/soccerstand,50.0,at
webcatalog.io/de/apps/willhaben,50.0,at
webcatalog.io/nb/apps/chatrandom/mobile,51.0,no
webcatalog.io/ms/apps/mp3juice,675.0,my
webcatalog.io/id/apps/subscene,495.0,my
webcatalog.io/apps/zalo,230.0,my
webcatalog.io/apps/mewe,210.0,my
webcatalog.io/apps/shopee-malaysia,195.0,my
webcatalog.io/en/apps/lofter,161.0,my
webcatalog.io/en/apps/shopee-malaysia,148.0,my
webcatalog.io/zh-CN/apps/category/music-audio?country=my,136.0,my
webcatalog.io/en/apps/tv-garden,133.0,my
webcatalog.io/en/apps/wetransfer,125.0,my
webcatalog.io/es/apps/webcam-toy,396.0,pe
webcatalog.io/es/apps/pretty-scale,236.0,pe
webcatalog.io/es/apps/kbh-games,192.0,pe
webcatalog.io/es/apps/symbolab/mobile,179.0,pe
webcatalog.io/es/apps/aternos,151.0,pe
webcatalog.io/es/apps/movidy,134.0,pe
webcatalog.io/es/apps/webmii/mobile,128.0,pe
webcatalog.io/es/apps/savefrom,123.0,pe
webcatalog.io/es/apps/renderz/mobile,121.0,pe
webcatalog.io/en/apps/hellotalk,90.0,pe
webcatalog.io/cs/apps/aternos,207.0,cz
webcatalog.io/cs/apps/geogebra,133.0,cz
webcatalog.io/en/apps/pdf-drive,112.0,cz
webcatalog.io/en/apps/flightradar24,74.0,cz
webcatalog.io/cs/apps/evowars-io,72.0,cz
webcatalog.io/cs/apps/microsoft-powerpoint,66.0,cz
webcatalog.io/cs/apps/chatrandom,61.0,cz
webcatalog.io/cs/apps/aptoide,50.0,cz
webcatalog.io/en/apps/x-minus,470.0,ro
webcatalog.io/apps/steamdb,106.0,ro
webcatalog.io/en/apps/myairbridge-com,91.0,ro
webcatalog.io/apps/viamichelin,89.0,ro
webcatalog.io/en/apps/forex-factory,88.0,ro
webcatalog.io/en/apps/tv-garden,72.0,ro
webcatalog.io/ro/apps/iflow,59.0,ro
webcatalog.io/el/apps/aternos,298.0,gr
webcatalog.io/en/apps/i-love-pdf-2,298.0,gr
webcatalog.io/el/apps/astrolive/mobile,222.0,gr
webcatalog.io/el/apps/yahoo-mail,171.0,gr
webcatalog.io/en/apps/soccerway,148.0,gr
webcatalog.io/el/apps/grindr/mobile,126.0,gr
webcatalog.io/el/apps/transfernow,96.0,gr
webcatalog.io/en/apps/planetromeo,66.0,gr
webcatalog.io/el/apps/managebac,64.0,gr
webcatalog.io/en/apps/express-digibooks,64.0,gr
webcatalog.io/apps/sharedrop,405.0,eg
webcatalog.io/en/apps/soccerway,252.0,eg
webcatalog.io/en/apps/ninite-pro,229.0,eg
webcatalog.io/apps/yacine-tv,227.0,eg
webcatalog.io/apps/free4talk,204.0,eg
webcatalog.io/apps/steamdb,189.0,eg
webcatalog.io/en/apps/snapdrop,170.0,eg
webcatalog.io/en/apps/wetransfer,132.0,eg
webcatalog.io/en/apps/filepursuit,120.0,eg
webcatalog.io/apps/google-takeout,108.0,eg
webcatalog.io/hu/apps/aternos,3.0,hu
webcatalog.io/hu/apps/mp3juice,2.0,hu
webcatalog.io/en/apps/flightradar24,1.0,hu
webcatalog.io/hu/apps/pdf24,4.0,hu
webcatalog.io/hu/apps/i-love-pdf-2,3.0,hu
webcatalog.io/apps/centrum-cz-mail,1.0,hu
webcatalog.io/en/apps/astrodienst,1.0,hu
webcatalog.io/fi/apps/google-translate,21.0,fi
webcatalog.io/fi/apps/desku,2.0,fi
webcatalog.io/fi/apps/microsoft-teams,7.0,fi
webcatalog.io/fi/apps/kidplan/mobile,1.0,fi
webcatalog.io/en/apps/tv-garden,1.0,fi
webcatalog.io/fi/apps/geogebra,1.0,fi
webcatalog.io/en/apps/ebay-ie,145.0,ie
webcatalog.io/en/apps/golflive24,90.0,ie
webcatalog.io/en/apps/soccerway,72.0,ie
webcatalog.io/en/apps/soccerstand,53.0,ie
webcatalog.io/ru/apps/startpage,259.0,il
webcatalog.io/apps/startpage,181.0,il
webcatalog.io/en/apps/meroshare,396.0,sa
webcatalog.io/apps/google-takeout,302.0,sa
webcatalog.io/ar/apps/hacker-typer,240.0,sa
webcatalog.io/apps/bigo-live,201.0,sa
webcatalog.io/en/apps/webcam-toy,158.0,sa
webcatalog.io/en/apps/filehippo,152.0,sa
webcatalog.io/en/apps/snapdrop,141.0,sa
webcatalog.io/en/apps/wattpad,81.0,sa
webcatalog.io/en/apps/free4talk,74.0,sa
webcatalog.io/apps/rediffmail,72.0,sa
webcatalog.io/en/apps/meroshare,84.0,qa
webcatalog.io/fr/apps/yacine-tv/mobile,4.0,ma
webcatalog.io/fr/apps/truecaller,6.0,ma
webcatalog.io/fr/apps/tubidy,3.0,ma
webcatalog.io/fr/apps/yacine-tv,13.0,ma
webcatalog.io/fr/apps/sharedrop,1.0,ma
webcatalog.io/fr/apps/scribd,3.0,ma
webcatalog.io/fr/apps/tools-online-app,3.0,ma
webcatalog.io/fr/apps/snaptik/mobile,3.0,ma
webcatalog.io/fr/apps/chaabi-net,9.0,ma
webcatalog.io/apps/photocall-tv,1.0,ma
webcatalog.io/apps/opay,13.0,ng
webcatalog.io/en/apps/flashscore,23.0,ng
webcatalog.io/en/apps/livescore,525.0,ng
webcatalog.io/en/apps/yacine-tv,478.0,ng
webcatalog.io/en/apps/jiji-ng,350.0,ng
webcatalog.io/en/apps/boomplay,324.0,ng
webcatalog.io/en/apps/opay,276.0,ng
webcatalog.io/en/apps/soccerway,257.0,ng
webcatalog.io/en/apps/forex-factory,121.0,kh
webcatalog.io/en/apps/pdf-drive,108.0,kh
webcatalog.io/apps/soccerstand,81.0,kh
webcatalog.io/apps/webcam-toy,73.0,kh
webcatalog.io/apps/soccerway,70.0,kh
webcatalog.io/apps/shopee-thailand,67.0,kh
webcatalog.io/apps/yacine-tv,7.0,bd
webcatalog.io/en/apps/apkpure,4.0,bd
webcatalog.io/en/apps/forex-factory,3.0,bd
webcatalog.io/apps/kuaishou,3.0,bd
webcatalog.io/en/apps/yacine-tv,4.0,bd
webcatalog.io/en/apps/kuaishou,3.0,bd
webcatalog.io/en/apps/coinpayu,2.0,bd
webcatalog.io/en/apps/streamz,4.0,bd
webcatalog.io/en/apps/tv-garden,1.0,bd
webcatalog.io/en/apps/daraz-bangladesh,5.0,bd
webcatalog.io/fr/apps/tubidy/mobile,699.0,cm
webcatalog.io/fr/apps/tubidy,696.0,cm
webcatalog.io/fr/apps/mp3juice,201.0,cm
webcatalog.io/fr/apps/yacine-tv/mobile,198.0,cm
webcatalog.io/fr/apps/uptodown,96.0,cm
webcatalog.io/fr/apps/besoccer,58.0,cm
webcatalog.io/es/apps/semalt,1.0,ec
webcatalog.io/es/apps/symbolab/mobile,2.0,ec
webcatalog.io/es/apps/linkbox,1.0,ec
webcatalog.io/es/apps/webcam-toy,2.0,ec
webcatalog.io/en/apps/snapdrop,2.0,ec
webcatalog.io/es/apps/lyricstraining/mobile,2.0,ec
webcatalog.io/es/apps/movidy,1.0,ec
webcatalog.io/es/apps/chat-pdf-free,2.0,ec
webcatalog.io/es/apps/yoose,2.0,ec
webcatalog.io/fr/apps/faucetpay,121.0,mg
webcatalog.io/fr/apps/yacine-tv/mobile,90.0,mg
webcatalog.io/en/apps/photocall-tv,90.0,mg
webcatalog.io/en/apps/uptodown,54.0,mg
webcatalog.io/en/apps/meroshare,162.0,kw
webcatalog.io/fr/apps/yacine-tv/mobile,6.0,dz
webcatalog.io/fr/apps/baridiweb,5.0,dz
webcatalog.io/fr/apps/truecaller,13.0,dz
webcatalog.io/fr/apps/yacine-tv,14.0,dz
webcatalog.io/fr/apps/fast,1.0,dz
webcatalog.io/apps/photocall-tv,1.0,dz
webcatalog.io/en/apps/sharedrop,1.0,dz
webcatalog.io/fr/apps/snaptik/mobile,3.0,dz
webcatalog.io/en/apps/snapdrop,1.0,dz
webcatalog.io/en/apps/chatblink,1.0,dz
webcatalog.io/es/apps/chatroll,120.0,pa
webcatalog.io/apps/photocall-tv,72.0,pa
webcatalog.io/es/apps/semalt,243.0,cr
webcatalog.io/apps/photocall-tv,95.0,cr
webcatalog.io/es/apps/semalt,1.0,ve
webcatalog.io/en/apps/snapdrop,1.0,ve
webcatalog.io/es/apps/savefrom,3.0,ve
webcatalog.io/es/apps/linkbox,3.0,ve
webcatalog.io/es/apps/venevision-play,2.0,ve
webcatalog.io/es/apps/mypoints,6.0,ve
webcatalog.io/es/apps/manhunt/mobile,3.0,ve
webcatalog.io/es/apps/pretty-scale,1.0,ve
webcatalog.io/es/apps/poki-tank-trouble-2,1.0,ve
webcatalog.io/es/apps/uasd-virtual,319.0,do
webcatalog.io/es/apps/semalt,243.0,do
webcatalog.io/es/apps/shein,220.0,do
webcatalog.io/apps/photocall-tv,87.0,do
webcatalog.io/en/apps/flashscore,5.0,cd
webcatalog.io/fr/apps/tubidy,861.0,cd
webcatalog.io/fr/apps/tubidy/mobile,169.0,cd
webcatalog.io/apps/photocall-tv,89.0,cd
webcatalog.io/fr/apps/jw-library/mobile,87.0,cd
webcatalog.io/apps/soccerway,83.0,cd
webcatalog.io/fr/apps/yacine-tv/mobile,73.0,cd
webcatalog.io/fr/apps/pdf-drive,72.0,cd
webcatalog.io/fr/apps/betwinner,72.0,cd
webcatalog.io/en/apps/meroshare,17.0,np
webcatalog.io/apps/esewa,14.0,np
webcatalog.io/apps/meroshare,23.0,np
webcatalog.io/en/apps/apkpure,1.0,np
webcatalog.io/en/apps/ime-pay,2.0,np
webcatalog.io/apps/khalti,4.0,np
webcatalog.io/en/apps/hamro-patro,5.0,np
webcatalog.io/apps/jiocinema,4.0,np
webcatalog.io/apps/filehippo,2.0,np
webcatalog.io/apps/ime-pay,9.0,np
webcatalog.io/sk/apps/pobox,244.0,sk
webcatalog.io/sk/apps/microsoft-powerpoint,62.0,sk
webcatalog.io/en/apps/apkpure,275.0,mn
webcatalog.io/en/apps/sportybet,21.0,gh
webcatalog.io/en/apps/pdf-drive,3.0,gh
webcatalog.io/en/apps/forex-factory,5.0,gh
webcatalog.io/en/apps/jiji-gh,7.0,gh
webcatalog.io/en/apps/boomplay,5.0,gh
webcatalog.io/en/apps/yacine-tv,4.0,gh
webcatalog.io/en/apps/filehippo,3.0,gh
webcatalog.io/en/apps/apkpure,3.0,gh
webcatalog.io/en/apps/flashscore,7.0,gh
webcatalog.io/en/apps/jiji-ng,2.0,gh
webcatalog.io/apps/yacine-tv,5.0,sn
webcatalog.io/fr/apps/mp3juice,2.0,sn
webcatalog.io/fr/apps/besoccer,9.0,sn
webcatalog.io/fr/apps/snaptik/mobile,3.0,sn
webcatalog.io/en/apps/bingsport,1.0,sn
webcatalog.io/fr/apps/yacine-tv/mobile,1.0,sn
webcatalog.io/fr/apps/betwinner,3.0,sn
webcatalog.io/fr/apps/tubidy,2.0,sn
webcatalog.io/fr/apps/jumia-tn/mobile,142.0,tn
webcatalog.io/en/apps/soccerway,64.0,tn
webcatalog.io/en/apps/besoccer,316.0,et
webcatalog.io/en/apps/forex-factory,162.0,et
webcatalog.io/en/apps/yacine-tv,129.0,et
webcatalog.io/en/apps/tiktok,115.0,et
webcatalog.io/en/apps/apkpure,99.0,et
webcatalog.io/en/apps/filehippo,89.0,et
webcatalog.io/apps/yacine-tv,80.0,et
webcatalog.io/en/apps/yacine-tv/mobile,72.0,et
webcatalog.io/en/apps/betwinner,67.0,et
webcatalog.io/es/apps/movidy,61.0,sv
webcatalog.io/es/apps/semalt,724.0,bo
webcatalog.io/es/apps/movidy,144.0,bo
webcatalog.io/en/apps/skyvector,117.0,bo
webcatalog.io/es/apps/wattpad/mobile,99.0,bo
webcatalog.io/en/apps/deriv-charts,91.0,bw
webcatalog.io/en/apps/dstv-now,60.0,bw
webcatalog.io/pt/apps/factplus,298.0,ao
webcatalog.io/en/apps/pdf-drive,103.0,ao
webcatalog.io/pt/apps/bai-directo,93.0,ao
webcatalog.io/apps/besoccer,69.0,ao
webcatalog.io/en/apps/pdf-drive,68.0,mz
webcatalog.io/apps/minichat,76.0,af
webcatalog.io/en/apps/forex-factory,68.0,af
webcatalog.io/apps/soccerstand,337.0,am
webcatalog.io/en/apps/yandex-weather,95.0,am
webcatalog.io/apps/soccerway,85.0,am
webcatalog.io/en/apps/dstv-now,70.0,na
webcatalog.io/en/apps/boomplay,165.0,zm
webcatalog.io/apps/webcam-toy,114.0,ge
webcatalog.io/en/apps/ap-lk,1.0,lk
webcatalog.io/en/apps/sci-hub,2.0,lk
webcatalog.io/en/apps/apkpure,1.0,lk
webcatalog.io/en/apps/truecaller,8.0,lk
webcatalog.io/en/apps/coinpayu,1.0,lk
webcatalog.io/en/apps/crex,1.0,lk
webcatalog.io/en/apps/sharedrop,1.0,lk
webcatalog.io/en/apps/yt1s,1.0,lk
webcatalog.io/es/apps/savefrom,54.0,hn
webcatalog.io/es/apps/semalt,297.0,gt
webcatalog.io/es/apps/symbolab/mobile,88.0,gt
webcatalog.io/es/apps/savefrom,81.0,gt
webcatalog.io/apps/photocall-tv,57.0,gt
webcatalog.io/fr/apps/mp3juice,76.0,ht
webcatalog.io/apps/soccerstand,53.0,md
webcatalog.io/en/apps/soccerstand,64.0,bg
webcatalog.io/hr/apps/badoo/mobile,287.0,hr
webcatalog.io/hr/apps/mp3juice,108.0,hr
webcatalog.io/apps/centrum-cz-mail,105.0,hr
webcatalog.io/hr/apps/soccerway,72.0,hr
webcatalog.io/en/apps/geizhals,64.0,hr
webcatalog.io/hr/apps/aternos,64.0,hr
webcatalog.io/nl/apps/category/weather?country=hr,60.0,hr
webcatalog.io/hr/apps/strato-webmail,50.0,hr
webcatalog.io/es/apps/semalt,198.0,py
webcatalog.io/ru/apps/soccerstand,85.0,az
webcatalog.io/en/apps/apkpure,72.0,az
webcatalog.io/apps/shahid,52.0,lb
webcatalog.io/apps/calculator-net,50.0,lb
webcatalog.io/es/apps/semalt,99.0,uy
webcatalog.io/es/apps/webcam-toy,84.0,uy
webcatalog.io/ru/apps/yangkeduo,945.0,kz
webcatalog.io/ru/apps/mail-ru,102.0,kz
webcatalog.io/ru/apps/prezo,50.0,kz
webcatalog.io/en/apps/sharedrop,78.0,jo
webcatalog.io/ru/apps/startpage,72.0,jo
webcatalog.io/apps/aternos,57.0,jo
webcatalog.io/en/apps/wetransfer,52.0,jo
webcatalog.io/en/apps/rediffmail,74.0,om
webcatalog.io/en/apps/apkpure,67.0,om
webcatalog.io/apps/sharedrop,50.0,om
webcatalog.io/en/apps/soccerway,81.0,mu
webcatalog.io/en/apps/steamdb,144.0,by
webcatalog.io/apps/rezultati/mobile,52.0,ba
