URL,Traffic (%),Number of Keywords,Traffic,Adwords Positions,Positions with commercial intents in top 20,Positions with informational intents in top 20,Positions with navigational intents in top 20,Positions with transactional intents in top 20,Positions with unknown intents in top 20,Traffic with commercial intents in top 20,Traffic with informational intents in top 20,Traffic with navigational intents in top 20,Traffic with transactional intents in top 20,Traffic with unknown intents in top 20,Traffic Change
https://www.g2.com/products/i-ready-assessment/competitors/alternatives,3.05,20,14167,0,1,7,0,0,0,43,14124,0,0,0,-12143
https://www.g2.com/products/slidesgo/reviews,0.67,154,3135,0,1,0,130,0,0,3,0,3132,0,0,-18
https://www.g2.com/products/9xbuddy/competitors/alternatives,0.65,105,3044,0,4,75,1,24,0,30,3005,2,59,0,217
https://www.g2.com/products/basecamp-hey/pricing,0.62,12,2893,0,1,8,3,3,0,2,2889,2,1,0,2
https://www.g2.com/products/1password/reviews?qs=pros-and-cons,0.48,23,2265,0,8,6,9,4,0,24,9,2182,78,0,-242
https://www.g2.com/products/course-hero/pricing,0.48,168,2250,0,19,45,32,10,0,1273,587,1534,139,0,2
https://www.g2.com/products/undress-app/reviews,0.3,52,1402,0,23,2,2,0,0,1399,38,0,0,0,1087
https://www.g2.com/products/groupon/competitors/alternatives,0.27,465,1254,0,102,71,260,269,1,496,206,755,572,0,59
https://www.g2.com/products/1password/reviews?page=3&qs=pros-and-cons,0.26,16,1221,0,4,6,8,4,0,13,5,1176,43,0,-126
https://www.g2.com/products/logic-pro-x/pricing,0.25,99,1185,0,18,25,9,14,3,774,380,7,35,0,3
https://www.g2.com/products/afterpay/competitors/alternatives,0.24,140,1159,0,56,45,1,8,1,1069,563,1,6,0,156
https://www.g2.com/products/meetup-pro/competitors/alternatives,0.23,165,1109,0,52,38,89,35,2,925,17,1019,117,0,35
https://www.g2.com/products/checkmate/reviews,0.23,16,1095,0,7,6,2,0,0,1095,2,6,0,0,0
https://www.g2.com/products/affirm/competitors/alternatives,0.22,164,1043,0,48,57,0,0,0,463,874,0,0,0,27
https://www.g2.com/products/edulastic-edulastic/pricing,0.17,24,831,0,2,4,2,1,0,3,3,0,2,0,828
https://www.g2.com/products/1bee-ai/reviews,0.17,10,820,0,0,2,3,3,0,0,811,9,9,0,-2
https://www.g2.com/products/trustpilot/reviews?qs=pros-and-cons,0.17,89,800,0,13,1,20,1,0,649,4,796,0,0,115
https://www.g2.com/products/indeed-hiring-platform/competitors/alternatives,0.15,200,739,0,154,25,22,5,2,705,100,18,0,11,-464
https://www.g2.com/products/oovoo/competitors/alternatives,0.15,25,702,0,0,8,6,3,0,0,565,137,11,0,0
https://www.g2.com/products/dropbox/reviews?page=10&qs=pros-and-cons,0.14,49,681,0,19,18,28,8,0,12,37,647,22,0,-90
https://www.g2.com/products/uquiz/reviews,0.14,32,659,0,3,5,26,1,0,7,8,651,1,0,5
https://www.g2.com/products/signupgenius/competitors/alternatives,0.13,23,621,0,3,6,3,12,0,9,9,603,9,0,-4
https://www.g2.com/products/the-print-shop/competitors/alternatives,0.13,58,620,0,10,24,6,8,0,493,98,9,59,0,-220
https://www.g2.com/products/travelzoo/competitors/alternatives,0.12,113,589,0,39,42,44,12,0,149,66,503,1,0,-2
https://www.g2.com/products/klarna/competitors/alternatives,0.12,82,581,0,49,21,0,1,0,579,157,0,0,0,44
https://www.g2.com/products/mileiq/pricing,0.11,49,528,0,1,12,14,10,0,0,0,525,4,0,288
https://www.g2.com/products/imgur/competitors/alternatives,0.11,31,515,0,3,23,2,0,0,80,487,1,0,0,2
https://www.g2.com/products/sezzle/competitors/alternatives,0.1,53,509,0,11,8,1,0,0,120,428,0,0,0,9
https://www.g2.com/products/xfinity/competitors/alternatives,0.1,150,500,0,23,64,2,3,2,82,453,2,0,17,17
https://www.g2.com/products/vecteezy/reviews,0.1,117,484,0,8,3,36,1,0,14,0,484,0,0,478
https://www.g2.com/products/flick/reviews,0.1,38,483,0,17,1,4,1,0,483,0,0,0,0,-2
https://www.g2.com/products/earthcam/reviews,0.1,98,473,0,27,54,20,16,0,185,257,183,48,0,-151
https://www.g2.com/products/clickup/reviews,0.09,77,456,0,19,1,24,1,0,40,0,456,208,0,-1
https://www.g2.com/products/clockwise-md/reviews,0.09,12,447,0,1,3,6,8,0,38,161,248,409,0,-197
https://www.g2.com/products/openoffice/competitors/alternatives,0.09,72,443,0,5,32,29,10,0,10,186,381,33,0,-31
https://www.g2.com/products/sketchup/reviews,0.09,40,419,0,3,1,5,0,0,3,0,416,0,0,-24
https://www.g2.com/products/workday-hcm/competitors/alternatives,0.08,14,414,0,6,6,4,0,0,3,1,411,0,0,-3
https://www.g2.com/products/lifemart-discounts/reviews,0.08,81,406,0,3,9,6,2,0,401,401,0,0,0,-12
https://www.g2.com/products/sadtalker-ai/competitors/alternatives,0.08,8,388,0,3,5,1,0,0,15,370,10,0,0,-89
https://www.g2.com/products/coinsnap/competitors/alternatives,0.08,52,388,0,22,34,0,0,0,163,244,0,0,0,-15
https://www.g2.com/products/exponenthr/reviews,0.08,22,385,0,0,0,12,2,0,0,0,385,0,0,3
https://www.g2.com/products/schoolrunner/reviews,0.07,3,365,0,0,2,0,0,0,0,365,0,0,0,0
https://www.g2.com/products/kapwing/reviews,0.07,48,364,0,2,0,24,0,0,1,0,363,0,0,363
https://www.g2.com/products/cisco-identity-services-engine-ise/reviews,0.07,12,363,0,2,2,3,4,0,3,248,75,360,0,136
https://www.g2.com/products/showcase/competitors/alternatives,0.07,15,360,0,0,15,0,0,0,0,360,0,0,0,147
https://www.g2.com/products/easybib-com/reviews,0.07,90,349,0,3,0,48,2,0,61,0,288,1,0,-541
https://www.g2.com/products/doordash-for-merchants/competitors/alternatives,0.07,77,347,0,34,30,0,6,0,126,88,0,154,0,186
https://www.g2.com/products/faronics-insight/competitors/alternatives,0.07,3,341,0,0,3,0,0,0,0,341,0,0,0,0
https://www.g2.com/products/bamboohr/reviews,0.07,86,338,0,31,6,34,2,1,336,0,16,0,0,248
https://www.g2.com/products/gridbank-enterprise/competitors/alternatives,0.07,3,327,0,2,0,0,0,0,327,0,0,0,0,327
https://www.g2.com/products/counterpart-insight/competitors/alternatives,0.06,5,324,0,0,5,0,0,0,0,324,0,0,0,163
https://www.g2.com/products/pipedrive/reviews,0.06,44,321,0,5,0,26,0,0,14,0,307,0,0,-1
https://www.g2.com/products/ramp-financial-ramp/reviews,0.06,68,312,0,12,5,14,2,0,142,2,168,168,0,162
https://www.g2.com/products/teamaligned/reviews,0.06,18,304,0,5,0,7,1,0,302,0,259,0,0,1
https://www.g2.com/products/kahoot/competitors/alternatives,0.06,143,302,0,44,38,0,0,0,284,78,0,0,0,166
https://www.g2.com/products/doxy-me/reviews,0.06,20,297,0,2,2,5,3,0,0,14,283,14,0,297
https://www.g2.com/products/dreamface/pricing,0.06,26,296,0,6,3,14,0,0,85,119,93,0,0,118
https://www.g2.com/products/framework/competitors/alternatives,0.06,7,295,0,1,7,0,0,0,2,295,0,0,0,-43
https://www.g2.com/products/source-insight/competitors/alternatives,0.06,6,294,0,0,2,4,0,0,0,290,4,0,0,290
https://www.g2.com/products/qr-monkey/reviews,0.06,88,292,0,11,10,5,7,0,18,162,93,162,0,-195
https://www.g2.com/products/lmarena/competitors/alternatives,0.06,17,289,0,4,7,4,0,0,270,285,4,0,0,-3
https://www.g2.com/products/ninite/reviews,0.06,50,287,0,1,1,27,0,0,1,0,286,0,0,0
https://www.g2.com/products/givebutter/reviews,0.06,33,284,0,7,1,13,1,0,6,0,278,0,0,263
https://www.g2.com/products/experia/reviews,0.05,4,270,0,0,1,1,0,0,0,259,1,0,0,269
https://www.g2.com/products/paycor/reviews,0.05,131,269,0,12,3,12,2,1,4,1,76,0,95,72
https://www.g2.com/products/bluej/reviews?qs=pros-and-cons,0.05,1,266,0,0,0,1,0,0,0,0,266,0,0,266
https://www.g2.com/products/highlevel/reviews,0.05,89,262,0,12,5,21,1,0,17,0,245,0,0,240
https://www.g2.com/products/flask/competitors/alternatives,0.05,4,262,0,0,3,0,0,0,0,262,0,0,0,259
https://www.g2.com/products/mixpanel/reviews,0.05,18,259,0,1,0,11,0,0,248,0,11,0,0,9
https://www.g2.com/products/smelter-scarlet/competitors/alternatives,0.05,8,256,0,2,6,0,0,0,3,256,0,0,0,-13
https://www.g2.com/products/unit/reviews,0.05,12,256,0,1,1,3,2,0,0,256,0,256,0,0
https://www.g2.com/products/epoch-epoch/reviews,0.05,7,252,0,0,4,0,1,0,0,252,0,0,0,0
https://www.g2.com/products/omnipresent-omnipresent/competitors/alternatives,0.05,1,250,0,1,0,0,0,0,250,0,0,0,0,0
https://www.g2.com/products/ifable-ai/competitors/alternatives,0.05,1,250,0,0,1,0,0,0,0,250,0,0,0,250
https://www.g2.com/products/westlaw/pricing,0.05,99,249,0,5,55,28,35,0,3,227,22,183,0,-70
https://www.g2.com/products/facts-sis-student-information-system/reviews,0.05,22,249,0,1,5,0,0,0,0,249,0,0,0,-4
https://www.g2.com/products/hamilton-insight/competitors/alternatives,0.05,4,248,0,0,4,0,0,0,0,248,0,0,0,0
https://www.g2.com/products/zipline/competitors/alternatives,0.05,1,248,0,0,0,0,0,1,0,0,0,0,248,0
https://www.g2.com/products/treams/reviews,0.05,2,247,0,0,2,0,0,0,0,247,0,0,0,242
https://www.g2.com/products/evite/pricing,0.05,106,246,0,5,43,34,27,0,14,151,83,110,0,-8
https://www.g2.com/products/sera-systems-sera/pricing,0.05,4,238,0,0,1,1,0,0,0,237,1,0,0,0
https://www.g2.com/products/thumbtack/competitors/alternatives,0.05,62,235,0,10,24,5,1,1,145,76,0,0,26,91
https://www.g2.com/products/align/competitors/alternatives,0.05,3,233,0,0,2,0,0,0,0,233,0,0,0,0
https://www.g2.com/products/twitter-periscope/competitors/alternatives,0.04,66,228,0,19,44,4,4,0,57,224,2,20,0,-14
https://www.g2.com/products/greenvelope/pricing,0.04,87,228,0,7,7,42,10,1,7,6,159,64,0,-3
https://www.g2.com/products/typingclub/reviews,0.04,25,224,0,3,0,1,0,0,2,0,162,0,0,102
https://www.g2.com/products/artisan-sales/reviews,0.04,37,220,0,4,4,6,9,0,4,112,104,216,0,0
https://www.g2.com/products/glassdoor/competitors/alternatives,0.04,43,217,0,16,14,6,1,0,131,160,17,7,0,22
https://www.g2.com/products/proxy-seller/reviews,0.04,22,214,0,10,1,8,3,1,76,5,193,129,4,91
https://www.g2.com/products/dropbox/pricing,0.04,221,214,0,8,14,89,48,0,0,1,211,15,0,-26
https://www.g2.com/products/netsuite/reviews,0.04,37,213,0,8,0,8,0,1,173,0,208,0,0,40
https://www.g2.com/products/alphasense/pricing,0.04,11,212,0,0,4,5,3,0,0,0,212,0,0,212
https://www.g2.com/products/rippling/reviews,0.04,109,212,0,19,1,53,0,0,143,2,185,0,0,-6
https://www.g2.com/products/brandverity/competitors/alternatives,0.04,10,211,0,1,6,0,0,0,11,211,0,0,0,0
https://www.g2.com/products/resumate/reviews,0.04,3,209,0,2,0,1,0,0,208,0,1,0,0,12
https://www.g2.com/products/visual-studio/competitors/alternatives,0.04,8,207,0,1,4,0,1,0,0,207,0,199,0,88
https://www.g2.com/products/mixamo/competitors/alternatives,0.04,21,206,0,2,7,0,0,0,1,206,0,0,0,147
https://www.g2.com/products/venn/competitors/alternatives,0.04,9,204,0,4,0,0,0,0,204,0,0,0,0,-52
https://www.g2.com/products/taskrabbit/competitors/alternatives,0.04,76,202,0,25,51,3,0,0,114,185,0,0,0,-9
https://www.g2.com/products/ninety-io/reviews,0.04,97,200,0,21,5,67,14,1,69,0,200,17,0,56
https://www.g2.com/products/letsvpn/reviews?qs=pros-and-cons,0.04,16,195,0,8,2,9,1,0,153,1,47,0,0,23
https://www.g2.com/products/facebook/competitors/alternatives,0.04,203,195,0,25,136,7,4,1,34,165,25,19,0,-3
https://www.g2.com/products/bestmoney/reviews,0.04,75,193,0,47,5,10,2,1,164,5,22,0,7,-34
https://www.g2.com/products/powerschool-unified-talent-smartfind-express/reviews,0.04,19,192,0,3,8,3,3,0,71,192,0,0,0,0
https://www.g2.com/products/sketchup/pricing,0.04,138,191,0,3,55,41,43,0,8,158,8,38,0,-42
https://www.g2.com/products/kalodata/competitors/alternatives,0.03,9,185,0,7,3,1,0,0,185,8,162,0,0,90
https://www.g2.com/products/bing-translator/reviews,0.03,115,185,0,0,3,64,0,0,0,0,185,0,0,79
https://www.g2.com/products/spocket/competitors/alternatives,0.03,7,183,0,2,0,0,0,0,183,0,0,0,0,0
https://www.g2.com/products/companycam/pricing,0.03,26,181,0,1,9,8,6,0,3,6,170,7,0,0
https://www.g2.com/products/dailypay/reviews?page=2&qs=pros-and-cons,0.03,16,180,0,2,6,10,1,0,5,10,167,0,0,-804
https://www.g2.com/products/logoai/reviews,0.03,10,180,0,0,1,1,0,0,0,180,0,0,0,0
https://www.g2.com/products/storyblocks/reviews,0.03,74,180,0,8,0,64,0,0,0,0,180,0,0,164
https://www.g2.com/products/shifthound/reviews?qs=pros-and-cons,0.03,38,177,0,1,7,23,3,0,0,1,176,0,0,164
https://www.g2.com/products/snagit/pricing,0.03,46,175,0,0,8,12,5,0,0,2,173,0,0,62
https://www.g2.com/products/leo-burnett/reviews,0.03,5,171,0,0,2,1,0,0,0,171,26,0,0,171
https://www.g2.com/products/observe-ai/competitors/alternatives,0.03,4,168,0,4,0,0,0,0,168,0,0,0,0,0
https://www.g2.com/products/phrase-express/competitors/alternatives,0.03,3,167,0,0,2,0,0,0,0,167,0,0,0,167
https://www.g2.com/products/looker/competitors/alternatives,0.03,7,167,0,1,6,0,0,0,0,167,0,0,0,102
https://www.g2.com/products/spruce-health/pricing,0.03,20,165,0,2,2,8,1,0,1,33,132,3,0,135
https://www.g2.com/products/tradingview/competitors/alternatives,0.03,68,165,0,39,7,13,2,0,56,107,3,1,0,7
https://www.g2.com/products/fiverr/competitors/alternatives,0.03,74,163,0,20,46,0,0,0,31,144,0,0,0,-9
https://www.g2.com/products/dimensions/competitors/alternatives,0.03,3,163,0,0,3,0,0,0,0,163,0,0,0,80
https://www.g2.com/products/animoto/reviews?page=3&qs=pros-and-cons,0.03,3,163,0,0,0,3,0,0,0,0,163,0,0,0
https://www.g2.com/products/dailypay/competitors/alternatives,0.03,32,161,0,4,13,4,1,0,10,148,13,13,0,-2
https://www.g2.com/products/quore/pricing,0.03,9,160,0,0,0,9,2,0,0,0,160,2,0,0
https://www.g2.com/products/axium-ascend/reviews,0.03,6,159,0,3,1,0,0,0,130,29,0,0,0,0
https://www.g2.com/products/dat-load-board/pricing,0.03,173,159,0,7,22,63,48,0,6,5,147,20,0,86
https://www.g2.com/products/fl-studio/competitors/alternatives,0.03,114,159,0,31,71,1,5,0,33,143,0,0,0,-253
https://www.g2.com/products/weave-weave/pricing,0.03,71,159,0,20,28,14,23,0,29,33,31,127,0,0
https://www.g2.com/products/keeper-password-manager/pricing,0.03,16,156,0,1,1,1,0,0,1,1,155,0,0,156
https://www.g2.com/products/nextel/competitors/alternatives,0.03,27,155,0,13,15,0,4,3,132,147,0,13,2,146
https://www.g2.com/products/checkr/pricing,0.03,14,154,0,2,3,7,3,0,153,1,153,0,0,0
https://www.g2.com/products/calendly/reviews?qs=pros-and-cons,0.03,65,154,0,2,10,51,5,0,7,9,132,28,0,-2682
https://www.g2.com/products/sketchup/competitors/alternatives,0.03,41,153,0,7,24,1,1,0,6,144,4,0,0,-35
https://www.g2.com/products/instacart-retailer-platform/competitors/alternatives,0.03,86,153,0,41,35,1,10,2,118,50,0,9,3,-17
https://www.g2.com/products/noredink/reviews,0.03,60,153,0,2,2,7,1,0,1,0,0,0,0,110
https://www.g2.com/products/less-annoying-crm/reviews,0.03,12,153,0,1,0,9,1,0,0,0,153,0,0,43
https://www.g2.com/products/audacity/competitors/alternatives,0.03,69,153,0,35,29,12,6,0,85,48,29,6,0,-6
https://www.g2.com/products/a-cloud-guru/reviews,0.03,29,153,0,6,1,3,4,0,43,0,1,109,0,1
https://www.g2.com/products/corelogic-realquest/reviews,0.03,18,152,0,0,0,11,2,0,0,0,152,6,0,50
https://www.g2.com/products/insight-enterprises/competitors/alternatives,0.03,6,152,0,1,4,0,0,0,3,152,0,0,0,0
https://www.g2.com/products/brandverity/reviews,0.03,13,152,0,1,0,5,1,0,146,0,6,1,0,0
https://www.g2.com/products/liveops-liveops/competitors/alternatives,0.03,42,151,0,18,16,0,0,0,103,107,0,0,0,3
https://www.g2.com/products/conductor/reviews,0.03,37,151,0,4,0,13,1,1,149,0,2,0,0,0
https://www.g2.com/products/zillow/competitors/alternatives,0.03,51,148,0,18,3,1,6,0,100,4,6,42,0,2
https://www.g2.com/products/vistaprint/competitors/alternatives,0.03,71,148,0,27,25,26,11,1,36,26,112,92,0,-1
https://www.g2.com/products/candid/competitors/alternatives,0.03,2,148,0,0,1,0,1,0,0,148,0,148,0,-4
https://www.g2.com/products/mindbody/competitors/alternatives,0.03,13,147,0,5,9,0,0,0,140,30,0,0,0,-20
https://www.g2.com/products/signupgenius/reviews,0.03,142,147,0,0,0,71,27,0,0,0,135,113,0,100
https://www.g2.com/products/cloudconvert/reviews,0.03,61,147,0,2,2,18,2,0,4,0,138,0,0,137
https://www.g2.com/products/zabi-niazi/competitors/alternatives,0.03,3,146,0,1,1,0,0,0,146,146,0,0,0,0
https://www.g2.com/products/adp-totalsource/competitors/alternatives,0.03,44,145,0,15,15,11,9,0,1,67,34,43,0,-5
https://www.g2.com/products/g2/competitors/alternatives,0.03,7,144,0,2,3,0,2,0,32,72,0,72,0,0
https://www.g2.com/products/accruent-maintenance-connection/reviews,0.03,15,142,0,0,2,0,1,0,0,142,0,0,0,0
https://www.g2.com/products/garageband/competitors/alternatives,0.03,103,142,0,7,68,3,0,0,18,141,7,0,0,-21
https://www.g2.com/products/dmg-online-marketing/competitors/alternatives,0.03,1,141,0,0,1,0,0,0,0,141,0,0,0,141
https://www.g2.com/products/charter-spectrum/competitors/alternatives,0.03,61,141,0,12,19,0,0,1,38,140,0,0,0,-22
https://www.g2.com/products/thryv-keap/reviews,0.03,24,141,0,7,1,6,1,0,8,0,133,0,0,124
https://www.g2.com/products/fundly/reviews,0.03,24,140,0,9,1,9,0,0,86,5,55,0,0,27
https://www.g2.com/products/fastmail/pricing,0.02,24,137,0,0,1,22,4,0,0,0,137,17,0,0
https://www.g2.com/products/testout/reviews,0.02,33,136,0,3,17,0,2,0,9,136,0,58,0,61
https://www.g2.com/products/ibm-spss-statistics/pricing,0.02,130,136,0,5,36,15,17,2,3,116,11,10,1,-13
https://www.g2.com/products/imail-server/reviews,0.02,6,135,0,1,3,2,1,0,4,131,0,118,0,4
https://www.g2.com/products/zoominfo-sales/reviews,0.02,101,135,0,13,2,32,3,0,41,0,116,1,0,74
https://www.g2.com/products/user-interviews/pricing,0.02,13,135,0,0,0,5,0,0,0,0,135,0,0,135
https://www.g2.com/products/headbox-for-business/competitors/alternatives,0.02,1,132,0,0,1,0,0,0,0,132,0,0,0,0
https://www.g2.com/products/roam-2024-01-25/reviews?qs=pros-and-cons,0.02,5,132,0,0,1,1,0,0,0,132,0,0,0,-4
https://www.g2.com/products/adobe-animate/competitors/alternatives,0.02,24,128,0,9,16,2,1,0,42,38,84,0,0,0
https://www.g2.com/products/pear-deck/reviews,0.02,32,128,0,0,0,1,1,0,0,0,0,0,0,128
https://www.g2.com/products/dealercenter/pricing,0.02,35,127,0,0,0,17,5,0,0,0,127,0,0,-1
https://www.g2.com/products/drift/reviews,0.02,31,127,0,4,6,8,0,0,1,0,126,0,0,0
https://www.g2.com/products/go-answer/reviews,0.02,5,127,0,0,2,1,2,0,0,0,127,0,0,0
https://www.g2.com/products/ukg-pro/reviews,0.02,76,126,0,5,8,8,8,0,9,117,0,0,0,23
https://www.g2.com/products/zoom-workplace/pricing,0.02,119,126,0,1,5,16,15,0,1,118,8,125,0,-19
https://www.g2.com/products/mojo-dialer/pricing,0.02,46,124,0,13,4,22,3,0,102,6,121,6,0,81
https://www.g2.com/products/remind/competitors/alternatives,0.02,33,124,0,6,14,0,0,0,16,124,0,0,0,-312
https://www.g2.com/products/foreup/reviews,0.02,17,123,0,0,2,1,1,0,0,122,0,0,0,0
https://www.g2.com/products/salary-com-salary-com/competitors/alternatives,0.02,10,123,0,1,1,1,1,0,119,0,4,4,0,0
https://www.g2.com/products/learn-amp/reviews,0.02,23,121,0,4,1,9,1,0,0,0,0,0,0,11
https://www.g2.com/products/definitive-healthcare/competitors/alternatives,0.02,13,121,0,1,0,2,1,0,119,0,2,0,0,0
https://www.g2.com/products/imovie/competitors/alternatives,0.02,39,120,0,0,22,1,1,0,0,120,0,0,0,79
https://www.g2.com/products/google-earth-pro/competitors/alternatives,0.02,57,119,0,3,35,6,4,2,0,117,2,2,0,-9
https://www.g2.com/products/stack-takeoff-estimate/competitors/alternatives,0.02,4,119,0,0,1,1,1,0,0,119,0,0,0,0
https://www.g2.com/products/krisp/reviews?qs=pros-and-cons,0.02,20,117,0,6,0,11,2,1,6,0,111,1,0,4
https://www.g2.com/products/plivo/reviews,0.02,12,117,0,1,0,3,0,0,116,0,1,0,0,0
https://www.g2.com/products/powtoon/reviews?qs=pros-and-cons,0.02,2,117,0,0,0,2,0,0,0,0,117,0,0,0
https://www.g2.com/products/buzzoid/competitors/alternatives,0.02,4,116,0,0,0,3,0,0,0,0,116,0,0,108
https://www.g2.com/products/expertvoice/reviews,0.02,59,115,0,1,2,4,1,0,2,5,108,5,0,1
https://www.g2.com/products/netspend-skylight-payoptions/competitors/alternatives,0.02,4,115,0,0,0,1,0,0,0,0,114,0,0,106
https://www.g2.com/products/propertyshark/pricing,0.02,18,114,0,0,5,6,5,0,0,0,114,3,0,-192
https://www.g2.com/products/rsvpify/reviews,0.02,25,113,0,2,0,14,0,0,0,0,113,0,0,76
https://www.g2.com/products/simpletexting/reviews,0.02,21,113,0,11,1,10,1,0,108,4,103,0,0,57
https://www.g2.com/products/eaglesoft/reviews,0.02,18,113,0,3,5,0,0,0,79,111,0,0,0,79
https://www.g2.com/products/paychex/reviews,0.02,52,113,0,13,0,0,0,0,3,0,0,0,0,0
https://www.g2.com/products/ninety-io/pricing,0.02,57,112,0,4,3,21,5,0,11,10,109,11,0,-326
https://www.g2.com/products/wolfware-labs/competitors/alternatives,0.02,3,111,0,0,0,3,1,0,0,0,111,0,0,0
https://www.g2.com/products/pdf-candy/reviews,0.02,16,110,0,6,0,7,0,1,109,0,108,0,1,70
https://www.g2.com/products/tango-live/competitors/alternatives,0.02,66,110,0,7,25,5,2,0,50,101,0,19,0,-1
https://www.g2.com/products/checkwriters/reviews,0.02,11,109,0,1,0,5,0,0,6,0,103,0,0,-39
https://www.g2.com/products/terret-ai/reviews,0.02,6,108,0,5,2,0,0,0,108,5,0,0,0,3
https://www.g2.com/products/veracrypt/competitors/alternatives,0.02,57,108,0,16,36,4,7,0,28,23,61,3,0,63
https://www.g2.com/products/instawork/competitors/alternatives,0.02,60,107,0,25,25,0,4,1,71,33,0,3,0,-12
https://www.g2.com/products/propertyradar/reviews,0.02,36,106,0,5,3,10,5,0,14,10,85,0,0,45
https://www.g2.com/products/notability/competitors/alternatives,0.02,44,106,0,11,17,0,1,0,72,39,0,0,0,-48
https://www.g2.com/products/datadog/competitors/alternatives,0.02,51,105,0,12,27,13,8,1,89,19,0,0,0,-44
https://www.g2.com/products/conversity-conversity/reviews,0.02,1,105,0,0,1,0,1,0,0,105,0,105,0,0
https://www.g2.com/products/flix/competitors/alternatives,0.02,17,105,0,2,15,0,0,0,1,105,0,0,0,-96
https://www.g2.com/products/streamable/competitors/alternatives,0.02,23,104,0,8,8,9,2,0,68,54,36,0,0,-2
https://www.g2.com/products/notepad/competitors/alternatives,0.02,76,104,0,19,32,4,1,0,25,94,5,0,0,-27
https://www.g2.com/products/halp/pricing,0.02,6,104,0,0,1,0,3,0,0,79,0,25,0,0
https://www.g2.com/products/enriching-students/reviews,0.02,7,103,0,0,0,3,0,0,0,0,103,0,0,103
https://www.g2.com/products/ltx/pricing,0.02,6,103,0,1,0,2,1,0,0,0,103,0,0,103
https://www.g2.com/products/the-search-monitor/pricing,0.02,7,103,0,0,0,5,0,0,0,0,103,0,0,0
https://www.g2.com/products/hireology/reviews,0.02,24,103,0,1,0,10,1,0,6,0,97,1,0,0
https://www.g2.com/products/code-composer-studio/competitors/alternatives,0.02,5,103,0,3,2,2,0,0,0,0,103,0,0,103
https://www.g2.com/products/libsyn/pricing,0.02,19,102,0,2,0,7,2,0,94,0,102,2,0,-1
https://www.g2.com/products/adp-workforce-now/reviews,0.02,32,102,0,1,0,2,1,0,0,0,8,8,0,0
https://www.g2.com/products/insight-2021-08-26/competitors/alternatives,0.02,3,102,0,0,3,0,0,0,0,102,0,0,0,102
https://www.g2.com/products/ltx-studio/pricing,0.02,51,102,0,9,4,23,5,0,51,18,82,22,0,13
https://www.g2.com/products/uplevel/competitors/alternatives,0.02,7,101,0,3,6,0,0,0,47,101,0,0,0,-88
https://www.g2.com/products/ensora-rehab-therapy-suite-formerly-fusion-web-clinic/reviews,0.02,36,101,0,3,4,13,6,0,0,0,101,20,0,19
https://www.g2.com/products/flipgrid/competitors/alternatives,0.02,4,101,0,2,4,0,0,0,101,101,0,0,0,0
https://www.g2.com/products/onelook/competitors/alternatives,0.02,3,101,0,0,1,2,0,0,0,12,89,0,0,0
https://www.g2.com/products/proliant/reviews,0.02,48,101,0,3,3,20,1,0,27,12,62,1,0,-41
https://www.g2.com/products/safeshare-tv/competitors/alternatives,0.02,19,100,0,3,6,0,0,0,22,95,0,0,0,3
https://www.g2.com/products/galileo-fx/reviews,0.02,51,100,0,18,9,5,3,0,80,79,0,9,0,1
https://www.g2.com/products/ask-ai/competitors/alternatives,0.02,1,99,0,1,1,0,0,0,99,99,0,0,0,0
https://www.g2.com/products/sketchbook/competitors/alternatives,0.02,74,99,0,35,31,12,11,0,49,46,23,8,0,15
https://www.g2.com/products/mailup/pricing,0.02,2,99,0,0,2,0,0,0,0,99,0,0,0,0
https://www.g2.com/products/edassist/competitors/alternatives,0.02,2,99,0,0,2,0,0,0,0,99,0,0,0,99
https://www.g2.com/products/zinrelo/reviews,0.02,5,97,0,0,4,1,5,0,0,97,0,97,0,0
https://www.g2.com/products/wincap/competitors/alternatives,0.02,2,96,0,0,1,0,0,0,0,96,0,0,0,96
https://www.g2.com/products/smartbeemo/reviews?qs=pros-and-cons,0.02,25,96,0,2,3,10,0,0,18,48,75,0,0,30
https://www.g2.com/products/adp-totalsource/reviews,0.02,51,96,0,5,0,10,9,0,13,0,82,1,0,-15
https://www.g2.com/products/pop-_os/competitors/alternatives,0.02,2,96,0,1,1,0,0,0,0,96,0,0,0,96
https://www.g2.com/products/constant-contact/pricing,0.02,40,96,0,0,9,11,3,0,0,51,45,45,0,38
https://www.g2.com/products/virtualbox/competitors/alternatives,0.02,41,95,0,22,15,1,1,0,75,34,0,0,0,-1
https://www.g2.com/products/jerry-nweke-konvey/reviews,0.02,2,95,0,0,2,0,0,0,0,95,0,0,0,0
https://www.g2.com/products/mercer/competitors/alternatives,0.02,3,95,0,0,1,0,0,0,0,95,0,0,0,0
https://www.g2.com/products/co-construct-coconstruct/pricing,0.02,29,95,0,4,2,13,3,0,35,0,48,15,0,4
https://www.g2.com/products/alldata/competitors/alternatives,0.02,71,95,0,11,23,16,15,1,26,31,21,17,31,-73
https://www.g2.com/products/flowhub/reviews,0.02,6,95,0,1,0,0,0,1,83,0,0,0,12,83
https://www.g2.com/products/wind-river-helix-virtualization-platform/competitors/alternatives,0.02,1,94,0,0,1,0,0,0,0,94,0,0,0,0
https://www.g2.com/products/bark-com/reviews,0.02,69,94,0,26,31,2,4,0,74,49,0,0,0,9
https://www.g2.com/products/preve-preve/competitors/alternatives,0.02,1,94,0,0,1,0,0,0,0,94,0,0,0,0
https://www.g2.com/products/streamyard/reviews,0.02,104,94,0,24,2,40,0,0,6,1,90,0,0,53
https://www.g2.com/products/netreo/reviews,0.02,2,93,0,0,2,0,0,0,0,93,0,0,0,0
https://www.g2.com/products/liven/competitors/alternatives,0.02,6,93,0,1,5,1,0,0,0,93,0,0,0,2
https://www.g2.com/products/netreputation-netreputation/reviews,0.01,15,92,0,3,2,1,1,1,7,88,0,0,0,48
https://www.g2.com/products/zeni/reviews,0.01,10,92,0,1,2,4,1,0,3,88,1,0,0,85
https://www.g2.com/products/synthesia/competitors/alternatives,0.01,16,92,0,12,9,1,0,1,66,31,0,0,0,0
https://www.g2.com/products/cratejoy/reviews,0.01,20,91,0,2,2,9,2,0,1,0,90,0,0,85
https://www.g2.com/products/copy-ai/competitors/alternatives,0.01,10,91,0,6,0,0,0,0,91,0,0,0,0,0
https://www.g2.com/products/flashboot/competitors/alternatives,0.01,4,91,0,3,3,0,0,0,91,91,0,0,0,0
https://www.g2.com/products/sticky-notes/competitors/alternatives,0.01,110,91,0,22,73,3,51,1,15,80,1,58,0,-12
https://www.g2.com/products/opentable-for-restaurants/reviews?qs=pros-and-cons,0.01,46,90,0,2,13,23,15,1,4,14,45,40,28,-15
https://www.g2.com/products/edpuzzle/competitors/alternatives,0.01,17,90,0,8,11,0,0,0,85,90,0,0,0,-1
https://www.g2.com/products/skedda/pricing,0.01,10,90,0,0,2,4,3,0,0,0,90,1,0,89
https://www.g2.com/products/practice-better/pricing,0.01,16,90,0,1,0,3,0,0,90,0,90,0,0,89
https://www.g2.com/products/canvs-ai-canvs/reviews,0.01,3,90,0,0,0,0,0,0,0,0,0,0,0,90
https://www.g2.com/products/sketch/pricing,0.01,22,90,0,2,10,3,11,0,5,71,6,79,0,-100
https://www.g2.com/products/opendock/reviews,0.01,12,89,0,1,0,7,0,1,0,0,8,0,81,-20
https://www.g2.com/products/writesonic/reviews,0.01,16,89,0,1,0,4,0,0,2,0,87,0,0,20
https://www.g2.com/products/parapet/competitors/alternatives,0.01,1,89,0,0,1,0,0,0,0,89,0,0,0,0
https://www.g2.com/products/yahoo-mail/competitors/alternatives,0.01,64,89,0,4,19,0,0,0,2,87,0,0,0,-12
https://www.g2.com/products/opera/reviews?page=4&qs=pros-and-cons,0.01,48,88,0,11,18,21,6,0,8,26,60,1,0,-5
https://www.g2.com/products/hoodpay/reviews,0.01,4,88,0,2,2,2,0,0,86,86,2,0,0,86
https://www.g2.com/products/wordable-io/reviews?qs=pros-and-cons,0.01,2,88,0,2,0,0,0,0,88,0,0,0,0,0
https://www.g2.com/products/candidio/reviews,0.01,2,87,0,0,2,0,0,0,0,87,0,0,0,0
https://www.g2.com/products/myvirtualmerchant/reviews,0.01,8,87,0,2,1,0,0,0,86,1,0,0,0,0
https://www.g2.com/products/intellij-idea/pricing,0.01,74,87,0,0,28,30,1,0,0,40,50,0,0,29
https://www.g2.com/products/salary-com-salary-com/reviews,0.01,52,86,0,9,15,11,1,0,42,30,40,0,0,38
https://www.g2.com/products/iqvia/competitors/alternatives,0.01,3,86,0,3,2,0,0,0,86,80,0,0,0,0
https://www.g2.com/products/crexi/pricing,0.01,31,86,0,4,11,9,8,0,54,7,2,23,0,1
https://www.g2.com/products/itubego-youtube-downloader-2021-05-18/reviews?qs=pros-and-cons,0.01,12,86,0,1,3,1,3,0,1,56,3,77,0,0
https://www.g2.com/products/onecause/pricing,0.01,6,85,0,0,0,4,1,0,0,0,85,0,0,-1
https://www.g2.com/products/dealerlogix/reviews,0.01,12,85,0,0,1,6,3,0,0,0,85,14,0,-5
https://www.g2.com/products/navan-formerly-tripactions/competitors/alternatives,0.01,9,85,0,1,7,1,2,0,1,84,1,0,0,0
https://www.g2.com/products/deel/competitors/alternatives,0.01,7,85,0,2,3,0,0,0,1,84,0,0,0,0
https://www.g2.com/products/ahaslides/reviews,0.01,18,85,0,4,0,13,1,0,24,0,85,0,0,0
https://www.g2.com/products/freebird-freebird/competitors/alternatives,0.01,13,85,0,0,3,1,0,0,0,85,0,0,0,0
https://www.g2.com/products/planhub/reviews,0.01,16,85,0,2,0,6,1,0,6,0,79,3,0,0
https://www.g2.com/products/tableau/reviews,0.01,10,85,0,5,0,0,0,0,85,0,0,0,0,0
https://www.g2.com/products/redbrick-shift/reviews,0.01,45,84,0,5,11,4,1,0,4,40,40,0,0,-3
https://www.g2.com/products/ninite/competitors/alternatives,0.01,57,84,0,0,6,20,0,0,0,49,35,0,0,25
https://www.g2.com/products/se-ranking/reviews,0.01,52,84,0,21,2,9,0,0,84,0,0,0,0,-2
https://www.g2.com/products/front/reviews,0.01,42,83,0,14,1,25,1,0,82,74,9,0,0,1
https://www.g2.com/products/nile/competitors/alternatives,0.01,5,83,0,0,2,0,0,0,0,83,0,0,0,0
https://www.g2.com/products/bitly/reviews,0.01,113,82,0,3,4,48,2,0,0,60,21,0,0,27
https://www.g2.com/products/duolingo/competitors/alternatives,0.01,61,82,0,29,20,0,1,0,69,19,0,1,0,-1
https://www.g2.com/products/candis/reviews,0.01,2,82,0,0,2,0,0,0,0,82,0,0,0,0
https://www.g2.com/products/facts-sis-student-information-system/reviews?page=5,0.01,1,81,0,0,1,0,0,0,0,81,0,0,0,0
https://www.g2.com/products/therap-services/reviews,0.01,41,80,0,5,2,11,0,0,30,0,16,0,0,11
https://www.g2.com/products/chrome-enterprise/competitors/alternatives,0.01,115,80,0,22,16,0,1,0,73,10,0,0,0,-10
https://www.g2.com/products/remote/competitors/alternatives,0.01,2,80,0,1,1,0,0,0,63,17,0,0,0,0
https://www.g2.com/products/colour-contrast-analyser-cca/reviews,0.01,11,80,0,1,5,0,1,0,24,80,0,3,0,0
https://www.g2.com/products/painttool-sai/reviews,0.01,62,80,0,1,10,0,2,1,0,55,0,31,22,21
https://www.g2.com/products/jobwizard/competitors/alternatives,0.01,2,79,0,1,0,0,0,0,79,0,0,0,0,0
https://www.g2.com/products/worldpay/competitors/alternatives,0.01,8,79,0,2,4,0,0,0,1,78,0,0,0,0
https://www.g2.com/products/zapier/competitors/alternatives,0.01,34,79,0,5,13,0,0,0,3,78,0,0,0,0
https://www.g2.com/products/smugmug/competitors/alternatives,0.01,29,79,0,18,9,3,2,1,28,17,1,1,46,0
https://www.g2.com/products/meshmixer/competitors/alternatives,0.01,21,79,0,0,17,2,2,0,0,72,4,5,0,54
https://www.g2.com/products/iconik/reviews?qs=pros-and-cons,0.01,8,79,0,1,1,1,0,0,79,79,0,0,0,0
https://www.g2.com/products/cutt-ly/reviews,0.01,46,79,0,6,14,15,1,0,19,25,53,0,0,-2
https://www.g2.com/products/kforce-inc/competitors/alternatives,0.01,5,79,0,1,1,0,0,0,79,79,0,0,0,0
https://www.g2.com/products/jotform/reviews,0.01,78,79,0,4,2,35,0,0,29,0,50,0,0,49
https://www.g2.com/products/brightlocal/competitors/alternatives,0.01,20,79,0,11,11,1,0,0,64,66,13,0,0,-23
https://www.g2.com/products/binance/reviews,0.01,21,78,0,6,7,0,0,0,15,63,0,0,0,0
https://www.g2.com/products/servicetitan/competitors/alternatives,0.01,27,78,0,2,17,3,1,1,13,27,0,0,51,0
https://www.g2.com/products/kanrad-technologies-kantime/reviews,0.01,43,78,0,0,2,4,4,1,0,0,0,39,2,-3
https://www.g2.com/products/tawk-to/reviews,0.01,31,78,0,5,0,12,0,0,35,0,69,0,0,0
https://www.g2.com/products/photoaid/reviews,0.01,21,78,0,5,4,9,3,0,3,9,66,9,0,-12
https://www.g2.com/products/twitch/competitors/alternatives,0.01,37,78,0,11,27,2,1,0,15,78,0,0,0,1
https://www.g2.com/products/sales-focus-inc/reviews,0.01,6,78,0,1,0,2,2,0,0,0,78,78,0,0
https://www.g2.com/products/housecall-pro/competitors/alternatives,0.01,8,77,0,1,5,0,0,0,9,77,0,0,0,-13
https://www.g2.com/products/agency360-io/pricing,0.01,1,77,0,1,0,0,0,0,77,0,0,0,0,77
https://www.g2.com/products/wiz-wiz/competitors/alternatives,0.01,8,77,0,2,5,0,0,0,14,63,0,0,0,0
https://www.g2.com/products/procreate/competitors/alternatives,0.01,83,77,0,43,39,1,0,0,46,42,0,0,0,-42
https://www.g2.com/products/cdk/competitors/alternatives,0.01,6,76,0,1,1,0,0,0,42,34,0,0,0,0
https://www.g2.com/products/taskrabbit/reviews,0.01,94,76,0,8,4,2,0,0,26,1,0,0,0,37
https://www.g2.com/products/loopnet/competitors/alternatives,0.01,28,76,0,4,8,7,4,0,14,58,6,5,0,-33
https://www.g2.com/products/g2/pricing,0.01,7,76,0,0,2,4,4,0,0,2,74,74,0,2
https://www.g2.com/products/wevideo/reviews,0.01,76,75,0,0,0,2,0,0,0,0,73,0,0,39
https://www.g2.com/products/gartner/competitors/alternatives,0.01,20,75,0,1,10,1,2,0,3,72,0,1,0,-15
https://www.g2.com/products/zello/competitors/alternatives,0.01,13,75,0,2,5,0,0,0,1,74,0,0,0,0
https://www.g2.com/products/semrush/pricing,0.01,65,75,0,6,6,27,13,1,1,1,73,71,0,-1
https://www.g2.com/products/invoice2go-from-bill/pricing,0.01,22,75,0,0,3,8,3,0,0,1,74,0,0,0
https://www.g2.com/products/h-r-block/competitors/alternatives,0.01,44,75,0,13,10,3,10,3,67,5,0,7,0,23
https://www.g2.com/products/intail-ai/reviews,0.01,4,74,0,1,2,0,0,0,3,71,0,0,0,0
https://www.g2.com/products/fullcourt-enterprise/reviews,0.01,11,74,0,2,1,1,6,0,4,4,0,70,0,62
https://www.g2.com/products/alphasense/reviews,0.01,25,74,0,3,1,6,0,0,16,0,58,0,0,44
https://www.g2.com/products/meets4b/reviews,0.01,2,74,0,1,2,0,0,0,63,74,0,0,0,0
https://www.g2.com/products/brightedge/competitors/alternatives,0.01,10,74,0,5,3,0,0,0,74,20,0,0,0,1
https://www.g2.com/products/servicetrade/reviews,0.01,15,73,0,2,1,5,1,0,6,0,68,1,0,44
https://www.g2.com/products/humbot/reviews,0.01,7,73,0,2,0,2,0,0,0,0,73,0,0,70
https://www.g2.com/products/opusclip/reviews,0.01,42,73,0,9,3,11,0,0,8,1,67,0,0,-4
https://www.g2.com/products/coadvantage/reviews,0.01,44,73,0,6,0,11,6,0,49,0,43,23,0,11
https://www.g2.com/products/dreamface/competitors/alternatives,0.01,12,73,0,3,2,5,0,0,46,11,26,0,0,0
https://www.g2.com/products/koyfin/pricing,0.01,21,73,0,1,1,13,3,0,0,0,73,3,0,19
https://www.g2.com/products/google-cloud-speech-to-text/pricing,0.01,28,73,0,1,4,13,9,1,0,53,14,6,6,49
https://www.g2.com/products/adthena/competitors/alternatives,0.01,4,73,0,0,4,0,0,0,0,73,0,0,0,0
https://www.g2.com/products/soundhound-voice-ai-platform/competitors/alternatives,0.01,15,73,0,7,7,0,1,0,22,51,0,3,0,1
https://www.g2.com/products/zip-for-business/competitors/alternatives,0.01,33,73,0,20,19,1,0,0,70,12,0,0,0,-8
https://www.g2.com/products/fireside/pricing,0.01,7,72,0,1,3,1,1,1,4,20,0,15,52,1
https://www.g2.com/products/maple-maple/reviews,0.01,5,72,0,4,0,0,0,0,72,0,0,0,0,0
https://www.g2.com/products/adthena/reviews,0.01,7,72,0,3,0,1,0,0,72,0,0,0,0,0
https://www.g2.com/products/course-hero/competitors/alternatives,0.01,49,72,0,10,21,4,0,2,25,56,0,0,13,0
https://www.g2.com/products/yoast-yoast/pricing,0.01,57,72,0,12,18,9,16,0,19,23,11,47,0,15
https://www.g2.com/products/open-time-clock/reviews,0.01,27,72,0,0,4,14,6,0,0,1,71,40,0,0
https://www.g2.com/products/battlefy/reviews,0.01,10,72,0,0,0,10,0,0,0,0,72,0,0,-1
https://www.g2.com/products/koupon/reviews,0.01,60,72,0,11,12,0,11,0,4,53,0,13,0,51
https://www.g2.com/products/chargebee/competitors/alternatives,0.01,7,72,0,1,6,0,0,0,34,72,0,0,0,0
https://www.g2.com/products/blaze-ai/competitors/alternatives,0.01,28,72,0,15,6,5,3,1,61,4,1,2,6,3
https://www.g2.com/products/hostaway/pricing,0.01,5,72,0,1,0,1,0,1,72,0,72,0,0,72
https://www.g2.com/products/studystack/reviews,0.01,21,71,0,0,0,12,1,0,0,0,71,0,0,0
https://www.g2.com/products/everfit/reviews,0.01,13,71,0,3,0,5,1,0,10,0,70,0,0,0
https://www.g2.com/products/access-newswire/reviews,0.01,11,71,0,5,0,7,0,0,68,0,58,0,0,0
https://www.g2.com/products/deel/reviews,0.01,52,71,0,19,3,10,0,0,52,3,21,0,0,6
https://www.g2.com/products/evite/competitors/alternatives,0.01,106,71,0,23,41,2,0,0,3,68,0,0,0,9
https://www.g2.com/products/sofi/competitors/alternatives,0.01,20,71,0,11,12,2,0,0,31,69,0,0,0,-10
https://www.g2.com/products/tapcheck/competitors/alternatives,0.01,8,71,0,3,2,0,0,0,71,7,0,0,0,0
https://www.g2.com/products/shopio/reviews,0.01,2,70,0,1,2,0,0,0,11,70,0,0,0,0
https://www.g2.com/products/smartsheet/reviews,0.01,103,70,0,9,0,34,1,0,14,0,0,56,0,0
https://www.g2.com/products/freemake/reviews,0.01,36,70,0,9,8,4,7,0,28,25,23,19,0,5
https://www.g2.com/products/ninjaone/pricing,0.01,23,70,0,4,2,8,7,1,68,0,70,2,0,52
https://www.g2.com/products/floify/reviews,0.01,16,70,0,1,0,10,3,0,1,0,69,2,0,64
https://www.g2.com/products/samsara/reviews?qs=pros-and-cons,0.01,8,70,0,2,0,2,0,0,0,0,70,0,0,70
https://www.g2.com/products/zabi-niazi/reviews,0.01,6,70,0,3,2,0,0,0,70,0,0,0,0,0
https://www.g2.com/products/harvest/pricing,0.01,39,69,0,6,16,17,9,0,6,39,24,11,0,12
https://www.g2.com/products/bandzoogle/pricing,0.01,7,69,0,1,1,4,0,0,3,3,66,0,0,0
https://www.g2.com/products/clearcompany/reviews,0.01,28,69,0,4,1,11,3,1,3,0,63,18,3,18
https://www.g2.com/products/apartmentiq/reviews,0.01,8,69,0,3,1,5,3,0,8,4,65,4,0,3
https://www.g2.com/products/invision/pricing,0.01,25,68,0,1,10,4,3,2,6,33,18,12,11,0
https://www.g2.com/products/vpn-ht/reviews,0.01,1,68,0,0,1,0,1,0,0,68,0,68,0,0
https://www.g2.com/products/brainly/competitors/alternatives,0.01,17,68,0,1,1,8,0,0,12,44,12,0,0,14
https://www.g2.com/products/frontend-masters/pricing,0.01,9,68,0,1,0,5,0,0,66,0,68,0,0,66
https://www.g2.com/products/armorcode/reviews,0.01,6,68,0,2,0,2,0,0,68,0,0,0,0,0
https://www.g2.com/products/living-security/reviews,0.01,5,68,0,3,1,2,0,0,68,0,0,0,0,42
https://www.g2.com/products/yext/competitors/alternatives,0.01,6,68,0,5,3,0,0,0,68,34,0,0,0,0
https://www.g2.com/products/upstore/reviews,0.01,8,68,0,4,1,0,0,0,66,1,0,0,0,63
https://www.g2.com/products/apollo-io/reviews,0.01,227,68,0,11,6,66,6,0,28,0,40,10,0,5
https://www.g2.com/products/fameswap-com/reviews,0.01,17,67,0,7,2,11,0,0,5,2,64,0,0,-11
https://www.g2.com/products/veho/competitors/alternatives,0.01,7,67,0,3,1,0,0,0,67,2,0,0,0,0
https://www.g2.com/products/samsara/reviews,0.01,31,67,0,9,2,3,0,0,10,7,32,0,0,18
https://www.g2.com/products/radio-co/pricing,0.01,10,67,0,0,2,5,1,0,0,20,47,1,0,0
https://www.g2.com/products/paid-paid/reviews,0.01,6,67,0,2,1,0,0,0,66,1,0,0,0,0
https://www.g2.com/products/follett-aspen-sis/competitors/alternatives,0.01,2,67,0,1,1,0,0,0,67,67,0,0,0,-78
https://www.g2.com/products/gusto/pricing,0.01,39,67,0,1,6,6,9,0,0,41,0,26,0,0
https://www.g2.com/products/evernote/competitors/alternatives,0.01,46,67,0,5,8,3,0,0,16,17,47,0,0,5
https://www.g2.com/products/accessibe/competitors/alternatives,0.01,3,67,0,2,2,0,0,0,67,67,0,0,0,-1
https://www.g2.com/products/ranktracker/reviews,0.01,15,66,0,9,0,1,0,0,66,0,0,0,0,0
https://www.g2.com/products/eventbrite/competitors/alternatives,0.01,68,66,0,19,36,6,6,1,23,53,0,0,1,-1
https://www.g2.com/products/wave/competitors/alternatives,0.01,16,66,0,4,7,0,0,0,65,66,0,0,0,0
https://www.g2.com/products/wsr-weekly-status-report-project-status-reporting-tool/reviews,0.01,2,66,0,0,1,0,1,0,0,63,0,3,0,63
https://www.g2.com/products/smartscout/reviews,0.01,4,66,0,0,0,2,0,0,0,0,66,0,0,0
https://www.g2.com/products/amazon-mechanical-turk/competitors/alternatives,0.01,67,66,0,1,51,0,0,0,5,61,0,0,0,-11
https://www.g2.com/products/front/competitors/alternatives,0.01,22,66,0,6,10,0,0,0,34,37,0,0,0,0
https://www.g2.com/products/murf-ai/pricing,0.01,18,66,0,0,1,11,8,0,0,0,66,28,0,-61
https://www.g2.com/products/vuescan/competitors/alternatives,0.01,12,65,0,1,1,8,2,0,2,1,62,9,0,7
https://www.g2.com/products/air-labs-inc-air/competitors/alternatives,0.01,3,65,0,2,0,0,0,0,65,0,0,0,0,0
https://www.g2.com/products/goodnotes/competitors/alternatives,0.01,50,65,0,40,7,2,0,0,63,8,3,0,0,-6
https://www.g2.com/products/nilus/reviews,0.01,9,65,0,3,2,1,0,0,61,4,0,0,0,0
https://www.g2.com/products/hubspot-marketing-hub/reviews,0.01,48,65,0,7,4,13,6,0,0,2,31,56,0,2
https://www.g2.com/products/flick/pricing,0.01,13,65,0,3,8,1,2,0,15,55,0,9,0,0
https://www.g2.com/products/galileo-fx/competitors/alternatives,0.01,36,65,0,6,6,3,0,0,43,33,0,0,0,0
https://www.g2.com/products/myquiz/reviews,0.01,14,65,0,0,4,3,1,0,0,26,39,0,0,33
https://www.g2.com/products/tmg/competitors/alternatives,0.01,1,65,0,0,1,0,1,0,0,65,0,65,0,0
https://www.g2.com/products/superantispyware/competitors/alternatives,0.01,31,64,0,2,7,1,6,0,2,52,10,21,0,7
https://www.g2.com/products/govqa/reviews,0.01,5,64,0,0,3,1,0,0,0,64,0,0,0,0
https://www.g2.com/products/clideo/reviews,0.01,22,64,0,2,1,15,0,0,1,1,63,0,0,21
https://www.g2.com/products/scribe/reviews,0.01,65,64,0,14,3,3,0,0,59,0,0,0,0,13
https://www.g2.com/products/asocks-asocks/reviews,0.01,5,64,0,3,0,4,0,0,0,0,64,0,0,57
https://www.g2.com/products/claris-filemaker/pricing,0.01,18,64,0,1,4,5,6,2,0,63,0,4,0,-53
https://www.g2.com/products/whentohelp/reviews,0.01,2,64,0,0,0,2,0,0,0,0,64,0,0,0
https://www.g2.com/products/truconversion/reviews,0.01,1,64,0,0,0,1,0,0,0,0,64,0,0,0
https://www.g2.com/products/attentive/competitors/alternatives,0.01,1,64,0,1,0,0,0,0,64,0,0,0,0,0
https://www.g2.com/products/travelperk/pricing,0.01,10,64,0,0,1,2,3,0,0,63,0,63,0,52
https://www.g2.com/products/copy-ai/reviews,0.01,37,64,0,4,2,8,0,0,1,0,63,0,0,57
https://www.g2.com/products/aptia-benefits-administration/competitors/alternatives,0.01,3,63,0,0,1,0,0,0,0,63,0,0,0,0
https://www.g2.com/products/godaddy-email-office/competitors/alternatives,0.01,26,63,0,0,7,4,1,0,0,61,2,0,0,0
https://www.g2.com/products/vsee/competitors/alternatives,0.01,1,63,0,0,1,0,0,0,0,63,0,0,0,63
https://www.g2.com/products/queris-mes/reviews,0.01,1,63,0,0,0,1,0,0,0,0,63,0,0,0
https://www.g2.com/products/vee/reviews,0.01,6,63,0,1,2,1,1,0,63,0,0,0,0,0
https://www.g2.com/products/intelius/competitors/alternatives,0.01,30,63,0,6,6,4,3,1,8,4,5,0,50,-30
https://www.g2.com/products/mozilla-firefox/competitors/alternatives,0.01,41,63,0,13,20,0,2,0,43,55,0,2,0,0
https://www.g2.com/products/ascend-2024-07-19/competitors/alternatives,0.01,2,63,0,1,0,0,0,0,63,0,0,0,0,0
https://www.g2.com/products/ezcater/competitors/alternatives,0.01,28,62,0,1,6,2,1,0,34,62,0,0,0,0
https://www.g2.com/products/belkins/reviews,0.01,25,62,0,14,3,8,3,0,42,16,10,16,0,16
https://www.g2.com/products/corrigo/reviews,0.01,14,62,0,1,4,3,1,0,0,1,60,1,0,48
https://www.g2.com/products/legal-templates/reviews,0.01,58,62,0,18,14,8,4,0,19,2,41,19,0,25
https://www.g2.com/products/apowermirror/reviews,0.01,40,62,0,3,8,0,0,0,1,62,0,0,0,-91
https://www.g2.com/products/mobizen-studio/reviews,0.01,10,62,0,0,5,0,0,0,0,62,0,0,0,62
https://www.g2.com/products/proxmox-ve/competitors/alternatives,0.01,26,62,0,17,2,3,2,2,39,0,2,1,21,-2
https://www.g2.com/products/it-glue/pricing,0.01,26,62,0,1,6,11,6,0,0,2,59,10,0,39
https://www.g2.com/products/adobe-substance-3d-painter/competitors/alternatives,0.01,17,62,0,6,11,0,0,1,0,58,0,0,4,0
https://www.g2.com/products/first-advantage/reviews,0.01,67,61,0,15,7,3,5,0,59,42,1,0,0,39
https://www.g2.com/products/chili-piper/reviews,0.01,14,61,0,3,2,9,0,0,0,0,61,0,0,29
https://www.g2.com/products/rise-vision/pricing,0.01,5,61,0,0,0,3,0,0,0,0,61,0,0,61
https://www.g2.com/products/quartzy/pricing,0.01,12,61,0,0,1,9,9,0,0,0,61,61,0,0
https://www.g2.com/products/facecheck-id/competitors/alternatives,0.01,55,61,0,11,20,8,2,0,32,22,20,1,0,13
https://www.g2.com/products/studocu/reviews,0.01,29,61,0,2,6,11,2,0,5,48,8,0,0,-19
https://www.g2.com/products/shared/competitors/alternatives,0.01,1,61,0,0,1,0,0,0,0,61,0,0,0,0
https://www.g2.com/products/iproyal/reviews,0.01,17,61,0,5,0,10,0,0,6,0,56,0,0,52
https://www.g2.com/products/sprinto-inc/reviews,0.01,15,60,0,5,0,6,1,0,29,0,31,0,0,0
https://www.g2.com/products/zip-for-business/reviews,0.01,16,60,0,4,3,4,1,1,0,0,60,0,0,-1
https://www.g2.com/products/adspower-browser/pricing,0.01,7,60,0,0,0,4,2,0,0,0,60,0,0,60
https://www.g2.com/products/linkello/competitors/alternatives,0.01,16,60,0,4,0,5,0,0,13,0,46,0,0,14
https://www.g2.com/products/gptzero/reviews,0.01,24,60,0,0,0,2,0,0,0,0,0,0,0,60
https://www.g2.com/products/beefree-beefree/pricing,0.01,7,60,0,0,1,5,2,0,0,51,9,0,0,0
https://www.g2.com/products/castlight/reviews,0.01,16,60,0,0,2,2,1,0,0,0,60,0,0,0
https://www.g2.com/products/justhost-hosting/reviews?qs=pros-and-cons,0.01,10,60,0,1,7,1,6,0,4,55,1,54,0,-27
https://www.g2.com/products/podchaser-pro/reviews,0.01,15,60,0,0,0,13,0,0,0,0,60,0,0,0
https://www.g2.com/products/trapeze-transitmaster-cad-avl/reviews,0.01,10,59,0,0,7,0,0,0,0,59,0,0,0,0
https://www.g2.com/products/streamfab/pricing,0.01,13,59,0,0,3,8,0,0,0,5,54,0,0,-36
https://www.g2.com/products/renderforest/competitors/alternatives,0.01,12,59,0,3,0,1,0,0,58,0,1,0,0,0
https://www.g2.com/products/15five/pricing,0.01,7,59,0,1,1,3,2,0,56,1,58,3,0,56
https://www.g2.com/products/ezcater/reviews,0.01,59,58,0,4,3,12,6,0,22,3,33,9,0,-52
https://www.g2.com/products/photomath/competitors/alternatives,0.01,15,58,0,11,3,0,0,0,57,1,0,0,0,0
https://www.g2.com/products/stocard/competitors/alternatives,0.01,19,58,0,6,11,0,3,0,7,51,0,3,0,1
https://www.g2.com/products/hedra/competitors/alternatives,0.01,12,58,0,10,1,2,0,0,52,2,6,0,0,0
https://www.g2.com/products/drift/pricing,0.01,7,58,0,2,1,1,0,0,5,2,51,0,0,0
https://www.g2.com/products/four/competitors/alternatives,0.01,8,58,0,3,1,0,0,0,58,0,0,0,0,0
https://www.g2.com/products/shop-boss/pricing,0.01,21,58,0,2,2,11,7,0,0,2,56,19,0,14
https://www.g2.com/products/semrush/reviews,0.01,197,58,0,10,6,92,3,0,30,0,26,0,0,-2
https://www.g2.com/products/localbitcoins/competitors/alternatives,0.01,17,57,0,2,0,12,0,0,7,0,50,0,0,-6
https://www.g2.com/products/tweetdeck/competitors/alternatives,0.01,11,57,0,2,7,0,0,0,4,57,0,0,0,-605
https://www.g2.com/products/noun-project/reviews,0.01,47,57,0,0,0,43,0,0,0,0,57,0,0,19
https://www.g2.com/products/schedulicity/reviews,0.01,12,57,0,2,0,3,0,0,0,0,57,0,0,0
https://www.g2.com/products/buzzcast/reviews,0.01,8,57,0,0,1,2,0,0,0,0,57,0,0,0
https://www.g2.com/products/activeworks-camp-class-manager/reviews,0.01,32,57,0,7,18,2,3,0,29,48,7,0,0,0
https://www.g2.com/products/travelperk/reviews,0.01,15,57,0,4,2,4,3,0,16,39,9,39,0,2
https://www.g2.com/products/bolster-bolster/pricing,0.01,2,57,0,0,0,2,2,0,0,0,57,57,0,0
https://www.g2.com/products/tveyes/reviews,0.01,12,57,0,0,2,7,5,0,0,0,57,9,0,-6
https://www.g2.com/products/optimantra/pricing,0.01,9,57,0,0,0,2,1,0,0,0,56,0,0,17
https://www.g2.com/products/social-blade/competitors/alternatives,0.01,24,57,0,6,11,4,1,0,42,56,0,0,0,0
https://www.g2.com/products/patreon/reviews,0.01,140,57,0,6,2,10,1,0,24,9,0,9,0,-3
https://www.g2.com/products/daysmart-pet/pricing,0.01,9,57,0,2,3,3,2,0,19,3,35,0,0,0
https://www.g2.com/products/motivosity/pricing,0.01,3,56,0,0,0,3,0,0,0,0,56,0,0,56
https://www.g2.com/products/airslate-signnow/reviews,0.01,19,56,0,4,0,3,0,0,20,0,55,0,0,-120
https://www.g2.com/products/opusclip/pricing,0.01,23,56,0,2,6,14,13,0,0,0,56,0,0,54
https://www.g2.com/products/lark-lark/pricing,0.01,6,56,0,0,2,2,0,0,0,56,0,0,0,0
https://www.g2.com/products/advisorycloud/reviews,0.01,21,56,0,15,9,3,1,0,52,5,4,0,0,4
https://www.g2.com/products/rocketbot/pricing,0.01,2,56,0,0,2,0,0,0,0,56,0,0,0,56
https://www.g2.com/products/clutch-co/reviews,0.01,29,56,0,11,5,3,1,0,13,43,0,0,0,0
https://www.g2.com/products/carrier411/reviews,0.01,21,56,0,1,1,10,1,0,0,8,56,0,0,36
https://www.g2.com/products/401go/reviews,0.01,11,56,0,3,0,3,0,0,11,0,45,0,0,14
https://www.g2.com/products/ooma-office/pricing,0.01,13,56,0,0,1,2,1,0,0,0,56,0,0,56
https://www.g2.com/products/trip-master/competitors/alternatives,0.01,12,56,0,2,2,3,0,0,1,4,52,0,0,-2
https://www.g2.com/products/ccc-intelligent-solutions/pricing,0.01,38,55,0,0,8,0,3,0,0,53,0,2,0,34
https://www.g2.com/products/birdeye/reviews,0.01,68,55,0,23,7,31,4,0,16,0,49,0,0,-135
https://www.g2.com/products/whatnot/competitors/alternatives,0.01,17,55,0,5,9,1,1,1,40,43,0,0,5,7
https://www.g2.com/products/wellnessliving/reviews,0.01,24,55,0,3,1,12,0,0,2,0,53,0,0,0
https://www.g2.com/products/free-cam/competitors/alternatives,0.01,14,55,0,2,2,0,0,0,0,55,0,0,0,-1
https://www.g2.com/products/yubikey/reviews?qs=pros-and-cons,0.01,8,55,0,1,6,2,3,0,0,52,3,3,0,34
https://www.g2.com/products/bloom-growth/reviews?qs=pros-and-cons,0.01,5,55,0,1,0,2,0,0,7,0,48,0,0,48
https://www.g2.com/products/d-id/pricing,0.01,20,55,0,2,1,15,4,0,5,0,55,13,0,-18
https://www.g2.com/products/pipedrive/pricing,0.01,38,55,0,2,4,27,9,0,4,7,44,8,0,-31
https://www.g2.com/products/fmg-suite/reviews,0.01,14,55,0,0,1,7,1,0,0,0,55,1,0,51
https://www.g2.com/products/i-ready-assessment/reviews,0.01,164,55,0,5,4,1,0,0,0,0,0,0,0,-56
https://www.g2.com/products/remote/reviews,0.01,29,55,0,9,0,2,0,0,51,0,4,0,0,-4
https://www.g2.com/products/zoom-workplace/reviews,0.01,29,55,0,11,3,0,1,0,15,4,0,40,0,5
https://www.g2.com/products/amperity/reviews,0.01,7,55,0,3,0,1,0,0,55,0,0,0,0,0
https://www.g2.com/products/yotpo/competitors/alternatives,0.01,6,54,0,1,2,0,0,0,1,53,0,0,0,0
https://www.g2.com/products/platzi/reviews,0.01,21,54,0,0,0,20,0,0,0,0,54,0,0,21
https://www.g2.com/products/timetap/reviews,0.01,4,54,0,0,0,4,0,0,0,0,54,0,0,0
https://www.g2.com/products/textr-team/reviews,0.01,9,54,0,2,0,5,0,0,0,0,54,0,0,32
https://www.g2.com/products/procore/reviews,0.01,67,54,0,2,0,7,0,0,11,0,1,0,0,0
https://www.g2.com/products/klarna/reviews?page=2&qs=pros-and-cons,0.01,2,54,0,1,1,0,0,0,52,2,0,0,0,-110
https://www.g2.com/products/openroads-designer/pricing,0.01,20,54,0,0,10,1,2,1,0,25,24,14,5,24
https://www.g2.com/products/price-watch/reviews,0.01,8,54,0,1,1,0,0,0,12,42,0,0,0,0
https://www.g2.com/products/canvas-lms/reviews,0.01,47,54,0,6,4,1,1,0,12,40,0,40,0,2
https://www.g2.com/products/fieldroutes-a-servicetitan-company/pricing,0.01,8,54,0,1,0,4,3,1,2,0,54,0,0,0
https://www.g2.com/products/skedda/reviews,0.01,11,54,0,1,1,9,1,0,0,3,51,0,0,-18
https://www.g2.com/products/visla/reviews?qs=pros-and-cons,0.01,2,54,0,0,0,2,1,0,0,0,54,0,0,54
https://www.g2.com/products/jellyfish/pricing,0.01,12,53,0,0,0,0,4,0,0,0,0,53,0,0
https://www.g2.com/products/plaid/reviews?qs=pros-and-cons,0.01,19,53,0,4,9,7,3,0,1,30,17,16,0,-33
https://www.g2.com/products/renewed-vision-propresenter/competitors/alternatives,0.01,31,53,0,0,15,1,0,1,0,52,0,0,1,-19
https://www.g2.com/products/imagen-imagen/pricing,0.01,19,53,0,1,8,1,2,0,2,53,0,0,0,42
https://www.g2.com/products/weave-weave/reviews,0.01,82,53,0,14,7,18,4,0,35,0,19,6,0,-6
https://www.g2.com/products/bright-dash/pricing,0.01,18,53,0,1,8,4,6,0,0,50,3,3,0,1
https://www.g2.com/products/spyfu/competitors/alternatives,0.01,40,53,0,4,12,6,0,0,8,45,8,0,0,0
https://www.g2.com/products/hireright/reviews,0.01,76,53,0,9,3,9,0,0,6,2,44,0,0,0
https://www.g2.com/products/payactiv/reviews,0.01,46,53,0,2,5,7,0,0,27,21,12,0,0,12
https://www.g2.com/products/flickr/competitors/alternatives,0.01,25,53,0,4,16,2,2,0,22,31,0,0,0,0
https://www.g2.com/products/culture-amp/reviews,0.01,41,53,0,10,1,11,0,1,23,0,15,0,0,-20
https://www.g2.com/products/boostup-ai/reviews,0.01,22,53,0,17,4,0,0,0,53,16,0,0,0,-1
https://www.g2.com/products/clickworker/competitors/alternatives,0.01,16,53,0,8,5,1,1,0,40,18,1,1,0,-2
https://www.g2.com/products/avast-small-office-protection/reviews?qs=pros-and-cons,0.01,11,52,0,4,3,5,2,0,0,52,0,0,0,0
https://www.g2.com/products/cmw-platform/pricing,0.01,1,52,0,1,1,0,0,0,52,52,0,0,0,0
https://www.g2.com/products/covetrus-avimark/reviews,0.01,20,52,0,0,1,1,2,0,0,52,0,52,0,0
https://www.g2.com/products/abacus-ai/reviews,0.01,40,52,0,4,3,9,1,0,2,0,50,0,0,47
https://www.g2.com/products/vigilance/competitors/alternatives,0.01,1,52,0,0,1,0,0,0,0,52,0,0,0,0
https://www.g2.com/products/kartapult/reviews,0.01,2,52,0,0,1,0,1,0,0,52,0,52,0,0
https://www.g2.com/products/commio/reviews,0.01,24,52,0,2,8,9,1,0,22,2,28,0,0,0
https://www.g2.com/products/skype/pricing,0.01,59,52,0,2,15,3,3,1,3,41,1,7,3,-1
https://www.g2.com/products/phreesia/competitors/alternatives,0.01,2,52,0,1,1,0,0,0,52,52,0,0,0,0
https://www.g2.com/products/tiphaus/reviews,0.01,18,52,0,1,4,4,2,0,7,42,44,2,0,2
https://www.g2.com/products/zillow-premier-agent/reviews,0.01,106,52,0,17,6,14,4,0,43,1,5,4,0,-57
https://www.g2.com/products/agencyanalytics/reviews,0.01,15,52,0,4,1,3,1,0,31,0,21,21,0,0
https://www.g2.com/products/clearview-ai/competitors/alternatives,0.01,7,52,0,1,2,1,0,0,52,0,0,0,0,0
https://www.g2.com/products/docebo/reviews,0.01,18,52,0,11,0,10,0,0,52,0,41,0,0,4
https://www.g2.com/products/builder-ai/reviews,0.01,17,52,0,2,6,0,4,1,2,41,0,2,9,13
https://www.g2.com/products/metadata-io/pricing,0.01,3,52,0,0,1,0,1,0,0,0,0,52,0,0
https://www.g2.com/products/athenaone/reviews,0.01,73,52,0,6,2,2,1,0,5,2,45,4,0,-23
https://www.g2.com/products/we-connect-io/pricing,0.01,3,52,0,1,2,0,0,0,43,52,0,0,0,0
https://www.g2.com/products/fishbowl-inventory/pricing,0.01,42,52,0,7,7,6,10,0,20,18,28,32,0,31
https://www.g2.com/products/clickbank/reviews,0.01,48,51,0,2,0,13,1,0,2,0,49,0,0,36
https://www.g2.com/products/trustpilot/competitors/alternatives,0.01,10,51,0,8,1,0,0,0,51,17,0,0,0,-37
https://www.g2.com/products/namecheap-domains/reviews,0.01,155,51,0,10,0,11,1,0,2,0,2,0,0,0
https://www.g2.com/products/gretel-ai/pricing,0.01,5,51,0,0,0,1,1,0,0,0,51,51,0,0
https://www.g2.com/products/healthstream-ansos/reviews,0.01,4,51,0,1,1,0,0,0,51,51,0,0,0,51
https://www.g2.com/products/videolan/reviews,0.01,34,51,0,14,4,8,0,1,9,0,22,0,11,12
https://www.g2.com/products/qoobiss-origin/competitors/alternatives,0.01,1,51,0,0,1,0,0,0,0,51,0,0,0,0
https://www.g2.com/products/1min-ai/reviews?qs=pros-and-cons,0.01,13,51,0,6,2,0,1,0,51,2,0,0,0,0
https://www.g2.com/products/mindbody/pricing,0.01,49,51,0,3,8,21,3,0,1,10,49,0,0,-342
https://www.g2.com/products/nearpod/competitors/alternatives,0.01,3,51,0,2,0,0,0,0,51,0,0,0,0,0
https://www.g2.com/products/wisely-by-adp/reviews,0.01,150,51,0,15,10,11,3,0,32,2,1,0,0,-5
https://www.g2.com/products/klarna/reviews,0.01,100,51,0,9,2,8,2,0,49,0,2,0,0,19
https://www.g2.com/products/localo/reviews,0.01,3,51,0,2,0,3,1,0,48,0,51,3,0,0
https://www.g2.com/products/stripo-email/pricing,0.01,9,51,0,0,1,5,3,0,0,2,49,1,0,0
https://www.g2.com/products/smartpass/reviews,0.01,85,51,0,2,1,4,2,2,1,0,0,0,38,0
https://www.g2.com/products/similarweb/reviews,0.01,176,51,0,20,3,51,2,0,30,1,21,0,0,0
https://www.g2.com/products/navisphere/competitors/alternatives,0.01,5,50,0,2,0,3,3,0,22,0,28,28,0,22
https://www.g2.com/products/paubox/reviews,0.01,9,50,0,1,0,7,1,0,0,0,50,0,0,17
https://www.g2.com/products/mobaxterm/competitors/alternatives,0.01,23,50,0,3,5,0,0,0,33,50,0,0,0,0
https://www.g2.com/products/zoho-desk/reviews,0.01,16,50,0,0,0,10,0,0,0,0,50,0,0,9
https://www.g2.com/products/accuranker/reviews,0.01,19,50,0,4,0,7,2,0,49,0,1,0,0,0
https://www.g2.com/products/postermywall/pricing,0.01,24,50,0,0,0,5,1,0,0,0,50,1,0,-5
https://www.g2.com/products/livingsocial/reviews,0.01,43,50,0,1,1,19,7,0,0,0,50,48,0,48
https://www.g2.com/products/vibe-co/reviews,0.01,13,50,0,6,0,4,0,0,50,0,3,0,0,0
https://www.g2.com/products/socratic/competitors/alternatives,0.01,14,50,0,3,8,0,3,1,2,31,0,30,17,31
https://www.g2.com/products/benchapp/reviews,0.01,7,50,0,0,1,1,0,1,0,36,0,0,14,7
https://www.g2.com/products/school-id-cards-and-photos/competitors/alternatives,0.01,2,50,0,1,2,0,0,0,8,50,0,0,0,0
https://www.g2.com/products/typeset/reviews?qs=pros-and-cons,0.01,19,50,0,7,1,2,0,1,6,6,0,0,38,0
https://www.g2.com/products/golearn/reviews,0.01,7,50,0,0,3,0,3,0,0,24,0,32,0,18
